course_id,course_code,course_title,course_credits,course_grade,course_gpa,course_points,CGPA,comments
23,CMPS314,ALGORITHMS,3,B,3,9,3.26,
45,CMPS316,PROGRAMMING LANGUAGES,3,C+,2.5,7.5,3.26,
67,CMPS412,ADVANCED COMPUTER ARCHITECTURE,3,B,3,9,3.26,
89,MATH480,LINEAR PROGRAMMING.,3,B+,3.5,10.5,3.26,
111,CMPS312,COMPUTER ORG. & ASSEMBLY LANG. PROG.,3,C+,2.5,7.5,3.26,
133,ENGL318,TECHNICAL WRITING.,3,C+,2.5,7.5,3.26,
155,MATH330,DISCRETE MATHEMATHICS,3,C,2,6,3.26,
177,CMPS414,NETWORKING II,3,A-,3.75,11.25,3.26,
199,CMPS418,LINUX ADMINISTRATION,3,A-,3.75,11.25,3.26,
221,CMPS429,SENIOR INTERNSHIP,12,A,4,48,3.26,
243,CMPS324,SOFTWARE ENGINEERING,3,B+,3.5,10.5,3.26,
265,MATH441,NUMERICAL ANALYSIS,3,B,3,9,3.26,
287,CMPS328,DATABASE MGMT. SYS. II,3,A-,3.75,11.25,3.26,
309,CMPS322,DIGITAL LOGIC & SIGNAL PROCESSING,3,B,3,9,3.26,
331,CMPS328,DATABASE MGMT. SYS. II,3,F,0,0,3.26,REPEAT
353,CMPS332,P C REPAIR,3,A,4,12,3.26,
375,PHYS241,GENERAL PHYSICS I,3,C,2,6,3.26,
397,CMPS416,COMPILER CONSTRUCTION,3,B+,3.5,10.5,3.26,
419,CMPS248,SOFTWARE IN SOCIETY,3,B,3,9,3.32,
441,HIST201,BELIZEAN HISTORY,3,B,3,9,3.32,
463,CMPS155,COMPUTER TECHNOLOGY,3,B,3,9,3.32,
485,MATH210,DIFFERENTIAL CALCULUS,4,A-,3.75,15,3.32,
507,CMPS260,PROJECT,3,C+,2.5,7.5,3.32,
529,MATH330,DISCRETE MATHEMATHICS,3,B,3,9,3.32,
551,CMPS414,NETWORKING II,3,A,4,12,3.32,
573,GSTU101,STUDY SKILLS,1,A-,3.75,3.75,3.32,
595,CMPS246,COMPUTER ARCHITECTURE,3,B,3,9,3.32,
617,ENGL318,TECHNICAL WRITING.,3,B,3,9,3.32,
639,CMPS145,INTRODUCTION TO COMPUTER SYSTEMS,3,B,3,9,3.32,
661,CMPS146,PROGRAMMING FOUNDATIONS,4,B+,3.5,14,3.32,
683,CMPS247,COMPUTER NETWORKING I,3,A,4,12,3.32,
705,CMPS324,SOFTWARE ENGINEERING,3,B,3,9,3.32,
727,CMPS328,DATABASE MGMT. SYS. II,3,B+,3.5,10.5,3.32,
749,MATH441,NUMERICAL ANALYSIS,3,A-,3.75,11.25,3.32,
771,MATH480,LINEAR PROGRAMMING.,3,A,4,12,3.32,
793,CMPS429,SENIOR INTERNSHIP,12,B,3,36,3.32,
815,SPAN111,SPANISH 1,3,A-,3.75,11.25,3.32,
837,CMPS156,DATA STRUCTURES,3,A-,3.75,11.25,3.32,
859,CMPS256,OPERATING SYSTEMS,3,B,3,9,3.32,
881,CMPS255,OBJECT ORIENTED SYSTEM DEV.,4,B+,3.5,14,3.32,
903,CMPS144,PRINCIPLES OF PROGRAMMING II,3,B+,3.5,10.5,3.32,
925,MATH124,TRIGONOMETRY,3,A-,3.75,11.25,3.32,
947,CMPS245,DATABASE MANAGEMENT SYSTEMS I,3,B+,3.5,10.5,3.32,
969,CMPS312,COMPUTER ORG. & ASSEMBLY LANG. PROG.,3,B,3,9,3.32,
991,CMPS412,ADVANCED COMPUTER ARCHITECTURE,3,B+,3.5,10.5,3.32,
1013,CMPS418,LINUX ADMINISTRATION,3,B+,3.5,10.5,3.32,
1035,CMPS157,SYSTEM ANALYSIS,3,B+,3.5,10.5,3.32,
1057,MATH125,ADVANCED ALGEBRA,3,A-,3.75,11.25,3.32,
1079,PSYC221,INTRO TO PSYCHOLOGY,3,B+,3.5,10.5,3.32,
1101,SOCL221,INTRODUCTION TO SOCIOLOGY,3,B,3,9,3.32,
1123,CMPS416,COMPILER CONSTRUCTION,3,B,3,9,3.32,
1145,MAT103,TRIGONOMETRY 1,3,WF,0,0,3.32,
1167,CMPS144,PRINCIPLES OF PROGRAMMING II,3,F,0,0,3.32,
1189,MATH1302,CALCULUS I,3,WF,0,0,3.32,REPEAT
1211,MGMT1014,FUNDAMENTALS OF MANAGEMENT,3,C,2,6,3.32,REPEAT
1233,ENGL2105,COMMUNICATION SKILLS,3,B+,3.5,10.5,1.33,
1255,CMPS1232,PRINCIPLES OF PROGRAMMING II,3,F,0,0,1.33,REPEAT
1277,CMPS2111,SYSTEMS ANALYSIS,3,F,0,0,1.33,REPEAT
1299,CMPS142,PRINCIPLES OF PROGRAMMING I,3,F,0,0,1.33,
1321,CMPS318,ADVANCED PC REPAIR,3,D+,1.5,4.5,1.33,
1343,CMPS157,SYSTEM ANALYSIS,3,WF,0,0,1.33,
1365,MATH104,CALCULUS I,3,WF,0,0,1.33,
1387,MATH1201,TRIGONOMETRY,3,RE,0,0,1.33,REPEAT
1409,CMPS2111,SYSTEMS ANALYSIS,3,RE,0,0,1.33,REPEAT
1431,MATH1201,TRIGONOMETRY,3,NG,,,1.33,REPEAT
1453,MATH1201,TRIGONOMETRY,3,NG,,,1.33,
1475,MGMT1014,FUNDAMENTALS OF MANAGEMENT,3,B+,3.5,10.5,1.33,
1497,CMPS4251,COMPUTER AND NETWORK SECURITY,3,RE,0,0,1.33,
1519,CMPS4181,MOBILE APPLICATION DEVELOPMENT,3,RE,0,0,1.33,
1541,CMPS1124,AN INTRODUCTION TO PROGRAMMING USING PYTHON,3,F,0,0,1.33,
1563,MGMT101,APPLIED MANAGEMENT I,3,WF,0,0,1.33,
1585,CMPS360,MANAGEMENT INFORMATION SYSTEM,3,B+,3.5,10.5,1.33,
1607,CMPS1131,PROGRAMMING I,3,C,2,6,1.33,
1629,CMPS2171,DATABASE MANAGEMENT SYSTEMS I,3,F,0,0,1.33,
1651,MATH1302,CALCULUS I,3,F,0,0,1.33,
1673,CMPS2111,SYSTEMS ANALYSIS,3,RE,0,0,1.33,
1695,CMPS245,DATABASE MANAGEMENT SYSTEMS I,3,F,0,0,1.33,
1717,MATH1201,TRIGONOMETRY,3,F,0,0,1.33,REPEAT
1739,CMPS1232,PRINCIPLES OF PROGRAMMING II,3,C,2,6,1.33,
1761,MATH1201,TRIGONOMETRY,3,WF,0,0,1.33,REPEAT
1783,CMPS2171,DATABASE MANAGEMENT SYSTEMS I,3,RE,0,0,1.33,REPEAT
1805,MATH1302,CALCULUS I,3,RE,0,0,1.33,REPEAT
1827,CMPS4151,NETWORK ENGINEERING,3,F,0,0,1.33,REPEAT
1849,CMPS4151,NETWORK ENGINEERING,3,RE,0,0,1.33,
1871,CMPS1124,AN INTRODUCTION TO PROGRAMMING USING PYTHON,3,RE,0,0,1.33,REPEAT
1893,CMPS2171,DATABASE MANAGEMENT SYSTEMS I,3,F,0,0,1.33,REPEAT
1915,CMPS315,NETWORK ENGINEERING,3,WF,0,0,1.33,
1937,CMPS4251,COMPUTER AND NETWORK SECURITY,3,RE,0,0,1.33,REPEAT
1959,CMPS322,DIGITAL LOGIC & SIGNAL PROCESSING,3,F,0,0,1.33,
1981,ENGL3155,TECHNICAL WRITING,3,A,4,12,1.33,
2003,CMPS4231,DIGITAL LOGIC & SIGNAL PROCESSING,3,RE,0,0,1.33,
2025,CMPS4251,COMPUTER AND NETWORK SECURITY,3,F,0,0,1.33,REPEAT
2047,CMPS3232,SYSTEMS ADMINISTRATION,3,F,0,0,1.33,
2069,CMPS155,COMPUTER TECHNOLOGY,3,B+,3.5,10.5,1.33,
2091,CMPS248,SOFTWARE IN SOCIETY,3,B+,3.5,10.5,1.33,
2113,CMPS314,ALGORITHMS,3,F,0,0,1.33,
2135,ENGL318,TECHNICAL WRITING.,3,C,2,6,1.33,
2157,CMPS322,DIGITAL LOGIC & SIGNAL PROCESSING,3,D+,1.5,4.5,1.33,
2179,CMPS324,SOFTWARE ENGINEERING,3,C,2,6,1.33,
2201,CMPS312,COMPUTER ORG. & ASSEMBLY LANG. PROG.,3,F,0,0,1.33,
2223,CMPS414,NETWORKING II,3,F,0,0,1.33,
2245,CMPS314,ALGORITHMS,3,D,1,3,1.33,
2267,CMPS316,PROGRAMMING LANGUAGES,3,B,3,9,1.33,
2289,MATH330,DISCRETE MATHEMATHICS,3,D+,1.5,4.5,1.33,
2311,CMPS328,DATABASE MGMT. SYS. II,3,C+,2.5,7.5,3.62,
2333,CMPS314,ALGORITHMS,3,C+,2.5,7.5,3.62,
2355,MATH330,DISCRETE MATHEMATHICS,3,C+,2.5,7.5,3.62,
2377,PHYS241,GENERAL PHYSICS I,3,B,3,9,3.62,
2399,MATH441,NUMERICAL ANALYSIS,3,B+,3.5,10.5,1.23,
2421,MATH1201,TRIGONOMETRY,3,WF,0,0,1.23,
2443,MATH1151,ALGEBRA,3,C,2,6,1.23,
2465,CMPS322,DIGITAL LOGIC & SIGNAL PROCESSING,3,A-,3.75,11.25,1.23,
2487,CMPS418,LINUX ADMINISTRATION,3,A,4,12,1.23,
2509,CMPS324,SOFTWARE ENGINEERING,3,A,4,12,1.23,
2531,CMPS314,ALGORITHMS,3,A-,3.75,11.25,1.23,
2553,ENGL318,TECHNICAL WRITING.,3,A-,3.75,11.25,1.23,
2575,CMPS416,COMPILER CONSTRUCTION,3,A,4,12,1.23,
2597,CMPS312,COMPUTER ORG. & ASSEMBLY LANG. PROG.,3,B+,3.5,10.5,1.23,
2619,PHYS241,GENERAL PHYSICS I,3,A-,3.75,11.25,1.23,
2641,CMPS316,PROGRAMMING LANGUAGES,3,A,4,12,3.29,
2663,MATH326,LINEAR PROGRAMMING,3,A-,3.75,11.25,3.29,
2685,CMPS429,SENIOR INTERNSHIP,12,B+,3.5,42,3.29,
2707,CMPS324,SOFTWARE ENGINEERING,3,WP,0,0,3.29,
2729,CMPS321,TELECOMMUNICATIONS SYSTEMS,3,F,0,0,3.29,REPEAT
2751,CMPS321,TELECOMMUNICATIONS SYSTEMS,3,B+,3.5,10.5,3.29,
2773,CMPS332,P C REPAIR,3,B+,3.5,10.5,3.29,
2795,CMPS414,NETWORKING II,3,D+,1.5,4.5,3.29,
2817,CMPS319,SYSTEMS ENGINEERING,3,B+,3.5,10.5,3.29,
2839,CMPS328,DATABASE MGMT. SYS. II,3,A,4,12,3.29,
2861,CMPS315,NETWORK ENGINEERING,3,A-,3.75,11.25,3.29,
2883,CMPS422,SENIOR SEMINAR IN INFORMATION TECHNOLOGY,3,B+,3.5,10.5,3.29,
2905,CMPS314,ALGORITHMS,3,A,4,12,3.29,
2927,CMPS322,DIGITAL LOGIC & SIGNAL PROCESSING,3,A,4,12,3.29,
2949,CMPS324,SOFTWARE ENGINEERING,3,A-,3.75,11.25,3.29,
2971,MATH330,DISCRETE MATHEMATHICS,3,A,4,12,3.29,
2993,ENGL318,TECHNICAL WRITING.,3,B+,3.5,10.5,3.29,
3015,CMPS312,COMPUTER ORG. & ASSEMBLY LANG. PROG.,3,A-,3.75,11.25,3.29,
3037,CMPS417,JAVA PROGRAMMING,3,A-,3.75,11.25,2,
3059,CMPS412,ADVANCED COMPUTER ARCHITECTURE,3,A-,3.75,11.25,2,
3081,MGMT101,APPLIED MANAGEMENT I,3,A-,3.75,11.25,2,
3103,CMPS360,MANAGEMENT INFORMATION SYSTEM,3,A-,3.75,11.25,3.71,
3125,CMCN209,COMMUNICATION SKILLS,3,C+,2.5,7.5,3.71,
3147,CMPS242,GUI PROGRAMMING,3,WP,0,0,3.71,
3169,CMPS318,ADVANCED PC REPAIR,3,B,3,9,3.71,
3191,MATH1302,CALCULUS I,3,B+,3.5,10.5,3.71,
3213,CMPS3111,PROGRAMMING LANGUAGES,3,D+,1.5,4.5,3.71,
3235,CMPS213,BASIC PC REPAIR,3,A-,3.75,11.25,3.71,
3257,CMPS244,WEB APPLICATION DEV. 1,3,A-,3.75,11.25,3.71,
3279,CMPS3131,ADVANCED GUI PROGRAMMING,3,D,1,3,3.71,
3301,MATH3251,CALCULUS III,3,RE,0,0,3.71,
3323,CMPS1134,FUNDAMENTALS OF COMPUTING,3,A-,3.75,11.25,3.71,
3345,ENGL318,TECHNICAL WRITING.,3,A,4,12,3.71,
3367,MATH2201,CALCULUS II,3,C,2,6,3.71,
3389,CMPS1124,AN INTRODUCTION TO PROGRAMMING USING PYTHON,3,A,4,12,3.71,
3411,CMPS315,NETWORK ENGINEERING,3,B+,3.5,10.5,3.71,
3433,CMPS411,COMPUTER NETWORK SECURITY,3,C+,2.5,7.5,3.71,
3455,CMPS422,SENIOR SEMINAR IN INFORMATION TECHNOLOGY,3,A,4,12,3.71,
3477,MATH333,CALCULUS III,3,C,2,6,3.5,
3499,CMPS317,ADVANCED GUI DEVELOPMENT,3,C+,2.5,7.5,3.5,
3521,CMPS321,TELECOMMUNICATIONS SYSTEMS,3,B,3,9,3.5,
3543,CMPS318,ADVANCED PC REPAIR,3,A,4,12,3.5,
3565,MATH203,CALCULUS II,3,C,2,6,3.5,
3587,CMPS424,PROFESSIONAL PRACTICE,12,A-,3.75,45,3.5,
3609,CMPS316,PROGRAMMING LANGUAGES,3,B+,3.5,10.5,3.5,
3631,CMCN209,COMMUNICATION SKILLS,3,B+,3.5,10.5,3.5,
3653,CMPS144,PRINCIPLES OF PROGRAMMING II,3,B,3,9,3.5,
3675,ENGL112,COLLEGE ENGLISH II,3,B+,3.5,10.5,3.5,
3697,CMPS314,ALGORITHMS,3,C,2,6,3.5,REPEAT
3719,CMPS319,SYSTEMS ENGINEERING,3,A-,3.75,11.25,3.5,
3741,CMPS323,SYSTEMS ADMINISTRATION,3,B+,3.5,10.5,3.5,
3763,CMPS322,DIGITAL LOGIC & SIGNAL PROCESSING,3,C+,2.5,7.5,3.5,
3785,MATH203,CALCULUS II,3,WP,0,0,3.77,REPEAT
3807,MATH322,LINEAR ALGEBRA 1,3,B,3,9,3.77,
3829,CMPS314,ALGORITHMS,3,C,2,6,3.77,
3851,MATH441,NUMERICAL ANALYSIS,3,A,4,12,3.77,
3873,MATH326,LINEAR PROGRAMMING,3,A,4,12,3.77,
3895,CMPS429,SENIOR INTERNSHIP,12,C+,2.5,30,3.77,
3917,CMPS417,JAVA PROGRAMMING,3,W,0,0,3.77,
3939,CMPS316,PROGRAMMING LANGUAGES,3,A-,3.75,11.25,3.77,
3961,PHYS241,GENERAL PHYSICS I,3,A,4,12,3.77,
3983,CMPS414,NETWORKING II,3,W,0,0,3.77,REPEAT
4005,CMPS412,ADVANCED COMPUTER ARCHITECTURE,3,A,4,12,3.77,
4027,CMPS418,LINUX ADMINISTRATION,3,B,3,9,3.77,
4049,CMPS416,COMPILER CONSTRUCTION,3,C+,2.5,7.5,3.77,
4071,MATH480,LINEAR PROGRAMMING.,3,A-,3.75,11.25,3.77,
4093,CMPS314,ALGORITHMS,3,B+,3.5,10.5,3.77,
4115,CMPS316,PROGRAMMING LANGUAGES,3,C,2,6,3.77,REPEAT
4137,PHYS241,GENERAL PHYSICS I,3,C+,2.5,7.5,3.77,
4159,CMPS324,SOFTWARE ENGINEERING,3,C+,2.5,7.5,3.5,
4181,MATH203,CALCULUS II,3,WP,0,0,3.5,
4203,CMPS3111,PROGRAMMING LANGUAGES,3,F,0,0,3.5,
4225,CMPS244,WEB APPLICATION DEV. 1,3,B+,3.5,10.5,3.5,
4247,MGMT101,APPLIED MANAGEMENT I,3,B+,3.5,10.5,3.5,
4269,PHYS1015,GENERAL PHYSICS I,3,F,0,0,2.63,
4291,EDUC335,PHILOSOPHY OF EDUCATION,3,B,3,9,2.63,
4313,CMPS142,PRINCIPLES OF PROGRAMMING I,3,B+,3.5,10.5,3.5,
4335,MATH124,TRIGONOMETRY,3,C,2,6,3.5,
4357,PHIL210,ETHICS,3,A-,3.75,11.25,2.63,
4379,EDUC221,PROFESSIONALISM IN EDUCATION,3,A-,3.75,11.25,2.63,
4401,EDUC323,INSTRUCTIONAL TECHNIQUES,3,B,3,9,2.63,
4423,CMPS247,COMPUTER NETWORKING I,3,D,1,3,3.5,
4445,CMPS144,PRINCIPLES OF PROGRAMMING II,3,F,0,0,2.63,REPEAT
4467,CMPS144,PRINCIPLES OF PROGRAMMING II,3,D+,1.5,4.5,2.63,REPEAT
4489,SPAN112,SPANISH II,3,F,0,0,3.2,
4511,CMPS245,DATABASE MANAGEMENT SYSTEMS I,3,F,0,0,3.2,REPEAT
4533,CMPS246,COMPUTER ARCHITECTURE,3,C+,2.5,7.5,3.2,
4555,CMPS245,DATABASE MANAGEMENT SYSTEMS I,3,C+,2.5,7.5,3.2,
4577,SPED301,INTRO TO SPECIAL EDUCATION,3,C+,2.5,7.5,3.2,
4599,EDUC345,CLASSROOM ASSESSMENT,3,B,3,9,3.2,
4621,CMPS247,COMPUTER NETWORKING I,3,C+,2.5,7.5,3.2,
4643,CMPS146,PROGRAMMING FOUNDATIONS,4,D,1,4,3.2,
4665,CMPS155,COMPUTER TECHNOLOGY,3,C+,2.5,7.5,3.2,
4687,CMPS156,DATA STRUCTURES,3,W,0,0,3.2,
4709,CMPS322,DIGITAL LOGIC & SIGNAL PROCESSING,3,B+,3.5,10.5,3.2,
4731,MATH441,NUMERICAL ANALYSIS,3,C,2,6,3.2,
4753,CMPS328,DATABASE MGMT. SYS. II,3,B,3,9,3.2,
4775,CMPS418,LINUX ADMINISTRATION,3,C+,2.5,7.5,3.2,
4797,CMPS247,COMPUTER NETWORKING I,3,A-,3.75,11.25,3.2,
4819,SOCL221,INTRODUCTION TO SOCIOLOGY,3,A-,3.75,11.25,3.2,
4841,CMPS417,JAVA PROGRAMMING,3,B+,3.5,10.5,3.2,
4863,MATH210,DIFFERENTIAL CALCULUS,4,B,3,12,3.2,
4885,MATH326,LINEAR PROGRAMMING,3,B,3,9,3.2,
4907,GSTU101,STUDY SKILLS,1,B,3,3,3.2,
4929,ENGL112,COLLEGE ENGLISH II,3,A,4,12,3.2,
4951,CMPS255,OBJECT ORIENTED SYSTEM DEV.,3,A-,3.75,11.25,3.2,
4973,CMPS260,PROJECT,3,A,4,12,3.2,
4995,CMPS146,PROGRAMMING FOUNDATIONS,4,B,3,12,3.52,
5017,CMPS156,DATA STRUCTURES,3,C,2,6,3.52,
5039,CMPS312,COMPUTER ORG. & ASSEMBLY LANG. PROG.,3,C,2,6,3.52,
5061,CMPS414,NETWORKING II,3,C,2,6,3.52,
5083,MATH124,TRIGONOMETRY,3,B,3,9,3.52,
5105,CMPS256,OPERATING SYSTEMS,3,B+,3.5,10.5,3.52,
5127,CMPS245,DATABASE MANAGEMENT SYSTEMS I,3,B,3,9,3.52,
5149,CMPS248,SOFTWARE IN SOCIETY,3,A,4,12,3.52,
5171,MATH125,ADVANCED ALGEBRA,3,B,3,9,3.52,
5193,PHYS241,GENERAL PHYSICS I,3,B+,3.5,10.5,3.52,
5215,CMPS157,SYSTEM ANALYSIS,3,A,4,12,3.52,
5237,GSTU101,STUDY SKILLS,1,C+,2.5,2.5,3.52,
5259,CMPS146,PROGRAMMING FOUNDATIONS,4,C,2,8,3.52,
5281,CMPS256,OPERATING SYSTEMS,3,C,2,6,3.52,
5303,CMPS156,DATA STRUCTURES,3,B,3,9,3.52,
5325,MATH121,INTERMEDIATE ALGEBRA,3,C,2,6,3.52,
5347,CMPS246,COMPUTER ARCHITECTURE,3,B+,3.5,10.5,3.52,
5369,MATH210,DIFFERENTIAL CALCULUS,4,D+,1.5,6,3.52,
5391,ENGL111,COLLEGE ENGLISH I,3,B+,3.5,10.5,3.52,
5413,MATH125,ADVANCED ALGEBRA,3,C,2,6,3.26,
5435,PSYC221,INTRO TO PSYCHOLOGY,3,B,3,9,3.26,
5457,CMPS150,COMPUTER BUSINESS APPLICATION,3,B,3,9,3.26,
5479,CMPS156,DATA STRUCTURES,3,D,1,3,3.26,REPEAT
5501,CMPS255,OBJECT ORIENTED SYSTEM DEV.,3,B+,3.5,10.5,3.26,
5523,SPAN111,SPANISH 1,3,B,3,9,3.26,
5545,CMPS248,SOFTWARE IN SOCIETY,3,A-,3.75,11.25,3.26,
5567,HIST201,BELIZEAN HISTORY,3,B+,3.5,10.5,3.26,
5589,ENGL112,COLLEGE ENGLISH II,3,C+,2.5,7.5,3.26,
5611,CMPS247,COMPUTER NETWORKING I,3,C,2,6,3.26,
5633,MATH441,NUMERICAL ANALYSIS,4,D,1,4,3.26,REPEAT
5655,CMPS422,SENIOR SEMINAR IN INFORMATION TECHNOLOGY,3,C+,2.5,7.5,3.26,
5677,MATH441,NUMERICAL ANALYSIS,3,C+,2.5,7.5,3.26,
5699,CMPS156,DATA STRUCTURES,3,F,0,0,3.26,REPEAT
5721,SOCL1014,INTRODUCTION TO SOCIOLOGY,3,B,3,9,3.26,
5743,MATH441,NUMERICAL ANALYSIS,3,WP,0,0,3.26,REPEAT
5765,CMPS2131,DATA STRUCTURES,3,D+,1.5,4.5,3.26,REPEAT
5787,CMPS316,PROGRAMMING LANGUAGES,3,D+,1.5,4.5,3.26,REPEAT
5809,CMPS416,COMPILER CONSTRUCTION,3,W,0,0,3.26,REPEAT
5831,CMPS412,ADVANCED COMPUTER ARCHITECTURE,3,C+,2.5,7.5,1.75,
5853,CMPS156,DATA STRUCTURES,3,D+,1.5,4.5,1.75,REPEAT
5875,CMPS2131,DATA STRUCTURES,3,C,2,6,1.75,
5897,ENGL1014,COLLEGE ENGLISH I,3,F,0,0,1.75,
5919,MGMT1014,FUNDAMENTALS OF MANAGEMENT,3,C+,2.5,7.5,1.75,
5941,SOCL1014,INTRODUCTION TO SOCIOLOGY,3,C+,2.5,7.5,2.55,
5963,PSYC1014,INTRODUCTION TO PSYCHOLOGY,3,C,2,6,2.55,
5985,ENGL3155,TECHNICAL WRITING,3,F,0,0,2.55,
6007,MATH1201,TRIGONOMETRY,3,F,0,0,2.55,
6029,CMPS2111,SYSTEMS ANALYSIS,3,B,3,9,2.55,
6051,MATH2201,CALCULUS II,3,WF,0,0,2.55,
6073,CMPS2131,DATA STRUCTURES,3,D+,1.5,4.5,2.55,
6095,ENGL318,TECHNICAL WRITING.,3,F,0,0,2.55,
6117,CMPS156,DATA STRUCTURES,3,B+,3.5,10.5,2.55,
6139,CMPS246,COMPUTER ARCHITECTURE,3,D+,1.5,4.5,2.55,
6161,CMPS248,SOFTWARE IN SOCIETY,3,C+,2.5,7.5,2.55,
6183,CMPS146,PROGRAMMING FOUNDATIONS,4,C+,2.5,10,2.55,
6205,CMPS144,PRINCIPLES OF PROGRAMMING II,3,C,2,6,2.55,
6227,MATH124,TRIGONOMETRY,3,F,0,0,2.55,
6249,CMPS414,NETWORKING II,3,D,1,3,2.55,
6271,CMPS246,COMPUTER ARCHITECTURE,3,F,0,0,2.55,REPEAT
6293,CMPS314,ALGORITHMS,3,WP,,,2.55,
6315,CMPS255,OBJECT ORIENTED SYSTEM DEV.,3,D,1,3,2.55,
6337,CMPS316,PROGRAMMING LANGUAGES,3,F,0,0,2.55,
6359,CMPS246,COMPUTER ARCHITECTURE,3,A-,3.75,11.25,2.55,
6381,MATH326,LINEAR PROGRAMMING,3,B+,3.5,10.5,2.55,
6403,CMPS414,NETWORKING II,3,B+,3.5,10.5,2.55,
6425,CMPS156,DATA STRUCTURES,3,A,4,12,3.2,
6447,CMPS247,COMPUTER NETWORKING I,3,B+,3.5,10.5,3.2,
6469,MATH330,DISCRETE MATHEMATHICS,3,B+,3.5,10.5,3.2,
6491,CMPS414,NETWORKING II,3,C+,2.5,7.5,3.2,
6513,CMPS332,P C REPAIR,3,A-,3.75,11.25,3.2,
6535,CMPS256,OPERATING SYSTEMS,3,C+,2.5,7.5,3.2,
6557,CMPS245,DATABASE MANAGEMENT SYSTEMS I,3,A-,3.75,11.25,3.2,
6579,MATH124,TRIGONOMETRY,3,B+,3.5,10.5,3.2,
6601,CMPS417,JAVA PROGRAMMING,3,B,3,9,3.2,
6623,CMPS255,OBJECT ORIENTED SYSTEM DEV.,3,C,2,6,3.2,
6645,MATH210,DIFFERENTIAL CALCULUS,4,C,2,8,3.2,
6667,SPAN111,SPANISH 1,3,W,0,0,3.2,
6689,MATH121,INTERMEDIATE ALGEBRA,3,W,0,0,3.2,
6711,CMPS156,DATA STRUCTURES,3,D,1,3,3.2,
6733,MATH124,TRIGONOMETRY,3,W,0,0,3.2,REPEAT
6755,MATH124,TRIGONOMETRY,3,WF,,,3.2,REPEAT
6777,CMPS256,OPERATING SYSTEMS,3,F,0,0,3.2,
6799,MATH125,ADVANCED ALGEBRA,3,WF,,,3.2,
6821,HIST201,BELIZEAN HISTORY,3,A-,3.75,11.25,3.35,
6843,ENGL111,COLLEGE ENGLISH I,3,B,3,9,3.35,
6865,MATH121,INTERMEDIATE ALGEBRA,3,F,0,0,3.35,
6887,CMPS157,SYSTEM ANALYSIS,3,F,0,0,3.35,
6909,CMPS155,COMPUTER TECHNOLOGY,3,F,0,0,3.35,
6931,CMPS145,INTRODUCTION TO COMPUTER SYSTEMS,3,B+,3.5,10.5,3.35,
6953,CMPS255,OBJECT ORIENTED SYSTEM DEV.,3,A,4,12,3.35,
6975,CMPS256,OPERATING SYSTEMS,3,A-,3.75,11.25,3.35,
6997,CMPS360,MANAGEMENT INFORMATION SYSTEM,3,W,0,0,3.35,
7019,PSYC221,INTRO TO PSYCHOLOGY,3,A-,3.75,11.25,3.35,
7041,SPAN111,SPANISH 1,3,A,4,12,3.35,
7063,CMPS246,COMPUTER ARCHITECTURE,3,A,4,12,3.35,
7085,CMPS312,COMPUTER ORG. & ASSEMBLY LANG. PROG.,3,A,4,12,3.35,
7107,CMPS417,JAVA PROGRAMMING,3,A,4,12,3.35,
7129,GSTU101,STUDY SKILLS,1,B+,3.5,3.5,3.35,
7151,CMPS245,DATABASE MANAGEMENT SYSTEMS I,3,A,4,12,3.35,
7173,CMPS145,INTRODUCTION TO COMPUTER SYSTEMS,3,A,4,12,3.35,
7195,CMPS155,COMPUTER TECHNOLOGY,3,A-,3.75,11.25,3.35,
7217,CMPS146,PROGRAMMING FOUNDATIONS,4,A,4,16,3.35,
7239,MATH3151,LINEAR ALGEBRA,3,WP,0,0,3.35,
7261,CMPS3111,PROGRAMMING LANGUAGES,3,C,2,6,3.35,
7283,SPAN2015,LEVEL 3 INTERMEDIATE SPANISH,3,W,0,0,3.35,
7305,CMPS3141,HUMAN COMPUTER INTERFACE,3,C+,2.5,7.5,3.35,
7327,CMPS3151,TELECOMMUNICATION,3,A-,3.75,11.25,3.35,
7349,CMPS3162,ADVANCED DATABASES,3,,,,3.35,
7371,RSCH2014,RESEARCH METHODS,3,,,,3.35,
7393,CMPS4131,SOFTWARE ENGINEERING,3,,,,3.35,
7415,CMPS3171,NETWORK DESIGN,3,B,3,9,3.35,
7437,CMPS4191,ADVANCED WEB TECHNOLOGIES,3,,,,3.35,
7459,ENGL3155,TECHNICAL WRITING,3,,,,3.35,
7481,MATH3251,CALCULUS III,3,WP,0,0,3.35,
7503,CMPS328,DATABASE MGMT. SYS. II,3,C,2,6,3.35,
7525,CMPS312,COMPUTER ORG. & ASSEMBLY LANG. PROG.,3,F,0,0,3.35,REPEAT
7547,MATH326,LINEAR PROGRAMMING,3,D,1,3,3.01,
7569,CMPS322,DIGITAL LOGIC & SIGNAL PROCESSING,3,C,2,6,3.01,
7591,CMPS416,COMPILER CONSTRUCTION,3,C,2,6,3.01,
7613,CMPS332,P C REPAIR,3,C,2,6,3.01,
7635,CMPS3171,NETWORK DESIGN,3,NR,0,0,3.01,
7657,RSCH2014,RESEARCH METHODS,3,NR,0,0,3.01,
7679,SPAN1025,LEVEL 2 LOWER-INTERMEDIATE SPANISH,3,NR,0,0,3.01,
7701,CMPS3012,MANAGEMENT INFORMATION SYSTEM,3,W,,,3.01,
7723,CMPS3151,TELECOMMUNICATION,3,RE,0,0,3.01,
7745,CMPS1131,PROGRAMMING I,3,D+,1.5,4.5,3.01,
7767,CMPS3272,SYSTEMS ENGINEERING,3,C,2,6,3.01,
7789,CMPS1212,BASIC PC REPAIR,3,B+,3.5,10.5,3.01,
7811,CMPS4211,ADVANCED PC REPAIR,3,C+,2.5,7.5,3.01,
7833,MGMT3015,ORGANIZATIONAL BEHAVIOR,3,B,3,9,3.01,
7855,CMPS4111,DATABASE MANAGEMENT SYSTEMS II,3,RE,0,0,3.01,
7877,CMPS1014,INTRODUCTION TO COMPUTER STUDIES,3,F,0,0,3.01,
7899,CMPS4211,ADVANCED PC REPAIR,3,WF,0,0,3.01,
7921,CMPS3232,SYSTEMS ADMINISTRATION,3,D,1,3,3.01,
7943,ENGL2105,COMMUNICATION SKILLS,3,RE,0,0,3.01,
7965,RSCH2014,RESEARCH METHODS,3,B,3,9,3.01,
7987,SPAN2015,LEVEL 3 INTERMEDIATE SPANISH,3,A-,3.75,11.25,3.01,
8009,PHIL1014,ETHICS,3,NG,,,3.01,
8031,SPAN1025,LEVEL 2 LOWER-INTERMEDIATE SPANISH,3,A-,3.75,11.25,3.01,
8053,MATH3151,LINEAR ALGEBRA,3,C+,2.5,7.5,3.01,
8075,PHYS241,GENERAL PHYSICS I,3,W,0,0,3.01,REPEAT
8097,CMPS332,P C REPAIR,3,W,0,0,3.01,
8119,MATH330,DISCRETE MATHEMATHICS,3,F,0,0,3.01,REPEAT
8141,CMPS314,ALGORITHMS,3,WP,0,0,3.01,
8163,PHYS241,GENERAL PHYSICS I,3,D,1,3,3.01,
8185,CMPS321,TELECOMMUNICATIONS SYSTEMS,3,C+,2.5,7.5,3.01,
8207,MATH330,DISCRETE MATHEMATHICS,3,A-,3.75,11.25,3.01,
8229,CMPS317,ADVANCED GUI DEVELOPMENT,3,D+,1.5,4.5,3.01,REPEAT
8251,MATH203,CALCULUS II,3,C+,2.5,7.5,3.01,
8273,CMPS360,MANAGEMENT INFORMATION SYSTEM,3,B,3,9,3.01,
8295,CMPS4992,PROFESSIONAL PRACTICE,12,B+,3.5,42,3.01,
8317,MATH3251,CALCULUS III,3,B,3,9,3.01,
8339,CMPS3131,ADVANCED GUI PROGRAMMING,3,A-,3.75,11.25,3.01,
8361,CMPS4151,NETWORK ENGINEERING,3,C+,2.5,7.5,3.01,
8383,CMPS4231,DIGITAL LOGIC & SIGNAL PROCESSING,3,C+,2.5,7.5,3.01,
8405,CMPS4991,SENIOR SEMINAR IN INFORMATION TECHNOLOGY,3,A,4,12,3.01,
8427,CMPS319,SYSTEMS ENGINEERING,3,B,3,9,3.01,
8449,CMPS323,SYSTEMS ADMINISTRATION,3,C+,2.5,7.5,3.11,
8471,MATH1302,CALCULUS I,3,B,3,9,3.11,
8493,CMPS4251,COMPUTER AND NETWORK SECURITY,3,C+,2.5,7.5,3.11,
8515,ENGL299,THE COMPOSING PROCESS,3,B,3,9,3.11,
8537,CMPS330,GEOGRAPHIC INFORMATOIN SYSTEMS,3,A-,3.75,11.25,3.11,
8559,CMPS429,SENIOR INTERNSHIP,3,A,4,12,3.11,
8581,MATH480,LINEAR PROGRAMMING.,3,B,3,9,3.11,
8603,PHYS241,GENERAL PHYSICS I,3,D+,1.5,4.5,3.11,
8625,CMPS414,NETWORKING II,3,B,3,9,3.11,
8647,MATH480,LINEAR PROGRAMMING.,3,C,2,6,3.11,
8669,CMPS326,ADVANCED COMPUTER ARCHITECTURE,3,B+,3.5,10.5,3.11,
8691,CMPS330,GEOGRAPHIC INFORMATOIN SYSTEMS,3,B+,3.5,10.5,3.11,
8713,MATH326,LINEAR PROGRAMMING,3,C,2,6,3.11,
8735,CMPS317,ADVANCED GUI DEVELOPMENT,3,B+,3.5,10.5,3.11,
8757,CMPS2151,WEB DEVELOPMENT,3,F,0,0,3.11,
8779,CMPS4111,DATABASE MANAGEMENT SYSTEMS II,3,F,0,0,3.11,
8801,MATH2201,CALCULUS II,3,F,0,0,3.11,
8823,CMPS247,COMPUTER NETWORKING I,3,B,3,9,3.11,
8845,CMPS157,SYSTEM ANALYSIS,3,B,3,9,3.11,
8867,CMPS260,PROJECT,3,A-,3.75,11.25,3.11,
8889,MATH441,NUMERICAL ANALYSIS,3,D,1,3,3.11,
8911,MATH210,DIFFERENTIAL CALCULUS,4,F,0,0,3.11,REPEAT
8933,MATH210,DIFFERENTIAL CALCULUS,3,C,2,6,3.11,
8955,MATH480,LINEAR PROGRAMMING.,3,D+,1.5,4.5,3.11,
8977,GSTU101,STUDY SKILLS,1,P,0,0,1.17,
8999,CMPS255,OBJECT ORIENTED SYSTEM DEV.,4,WF,0,0,1.17,REPEAT
9021,CMPS156,DATA STRUCTURES,3,C+,2.5,7.5,1.17,
9043,ENGL111,COLLEGE ENGLISH I,3,C+,2.5,7.5,1.17,
9065,ENGL112,COLLEGE ENGLISH II,3,C,2,6,1.17,
9087,MATH330,DISCRETE MATHEMATHICS,3,W,0,0,1.17,REPEAT
9109,CMPS360,MANAGEMENT INFORMATION SYSTEM,3,F,0,0,2.25,
9131,MATH3251,CALCULUS III,3,C,2,6,2.25,
9153,CMPS3012,MANAGEMENT INFORMATION SYSTEM,3,B+,3.5,10.5,2.25,
9175,CMPS3252,ALGORITHMS,3,C,2,6,1.98,
9197,CMPS4992,PROFESSIONAL PRACTICE,12,A-,3.75,45,1.98,
9219,CMPS324,SOFTWARE ENGINEERING,3,F,0,0,1.98,
9241,CMPS328,DATABASE MGMT. SYS. II,3,NG,,,1.98,
9263,CMPS412,ADVANCED COMPUTER ARCHITECTURE,3,F,0,0,1.98,
9285,MATH3151,LINEAR ALGEBRA,3,D,1,3,1.98,REPEAT
9307,CMPS3272,SYSTEMS ENGINEERING,3,B+,3.5,10.5,1.98,
9329,CMPS3232,SYSTEMS ADMINISTRATION,3,B,3,9,1.98,
9351,CMPS3111,PROGRAMMING LANGUAGES,3,B,3,9,1.98,
9373,MATH3151,LINEAR ALGEBRA,3,B+,3.5,10.5,1.98,
9395,ENGL318,TECHNICAL WRITING.,3,WF,,,1.98,
9417,CMPS416,COMPILER CONSTRUCTION,3,F,0,0,1.98,
9439,CMPS316,PROGRAMMING LANGUAGES,3,C,2,6,1.98,
9461,CMPS417,JAVA PROGRAMMING,3,F,0,0,1.98,
9483,CMPS332,P C REPAIR,3,C+,2.5,7.5,1.98,
9505,MATH480,LINEAR PROGRAMMING.,3,C+,2.5,7.5,1.98,
9527,CMPS417,JAVA PROGRAMMING,3,C+,2.5,7.5,1.98,
9549,CMPS360,MANAGEMENT INFORMATION SYSTEM,3,C,2,6,1.98,
9571,EDUC3101,SOCIAL CONTEXT OF SCHOOLING,3,A,4,12,1.98,
9593,PHIL1014,ETHICS,3,C+,2.5,7.5,1.98,
9615,MATH3151,LINEAR ALGEBRA,3,B,3,9,3.36,
9637,CMPS2212,GUI PROGRAMMING,3,A-,3.75,11.25,3.36,
9659,CMPS4151,NETWORK ENGINEERING,3,B,3,9,3.36,
9681,MATH2201,CALCULUS II,3,D,1,3,3.36,REPEAT
9703,EDUC2224,TEACHING METHODS FOR SECONDARY LEVEL,3,A-,3.75,11.25,3.36,
9725,EDUC3453,CLASSROOM ASSESSMENT,3,A-,3.75,11.25,3.36,
9747,CMPS4111,DATABASE MANAGEMENT SYSTEMS II,3,B+,3.5,10.5,3.36,
9769,CMPS1212,BASIC PC REPAIR,3,A-,3.75,11.25,3.36,
9791,EDUC4153,PROFESSIONALISM IN EDUCATION,3,A-,3.75,11.25,3.36,
9813,CMPS3111,PROGRAMMING LANGUAGES,3,C+,2.5,7.5,3.36,
9835,CMPS4251,COMPUTER AND NETWORK SECURITY,3,C,2,6,3.36,
9857,CMPS4231,DIGITAL LOGIC & SIGNAL PROCESSING,3,C,2,6,3.36,
9879,CMPS4991,SENIOR SEMINAR IN INFORMATION TECHNOLOGY,3,B+,3.5,10.5,3.36,
9901,EDUC3451,PHILOSOPHY OF EDUCATION,3,A-,3.75,11.25,3.36,
9923,EDUC3302,INSTRUCTIONAL TECHNIQUES,3,B+,3.5,10.5,3.36,
9945,MATH2201,CALCULUS II,3,D+,1.5,4.5,3.36,
9967,ENGL2105,COMMUNICATION SKILLS,3,B,3,9,3.36,
9989,PHYS1015L,GENERAL PHYSICS I LAB,1,A,4,4,3.36,
10011,PHYS1015,GENERAL PHYSICS I,3,A-,3.75,11.25,3.36,
10033,CMPS3131,ADVANCED GUI PROGRAMMING,3,C+,2.5,7.5,3.36,
10055,CMPS3151,TELECOMMUNICATION,3,C+,2.5,7.5,3.36,
10077,MATH3251,CALCULUS III,3,C+,2.5,7.5,3.36,
10099,MATH322,LINEAR ALGEBRA 1,3,D+,1.5,4.5,3.36,REPEAT
10121,CMPS312,COMPUTER ORG. & ASSEMBLY LANG. PROG.,3,C,2,6,3.36,REPEAT
10143,MAT103,TRIGONOMETRY 1,3,C,2,6,3.36,
10165,MAT103,TRIGONOMETRY 1,3,C,2,6,3.36,REPEAT
10187,CMPS416,COMPILER CONSTRUCTION,3,WF,0,0,3.36,REPEAT
10209,CMPS422,SENIOR SEMINAR IN INFORMATION TECHNOLOGY,3,B,3,9,3.36,
10231,PHYS241,GENERAL PHYSICS I,3,D,1,3,3.25,REPEAT
10253,MATH322,LINEAR ALGEBRA 1,3,D,1,3,3.25,REPEAT
10275,CMPS414,NETWORKING II,3,F,0,0,3.25,REPEAT
10297,MATH330,DISCRETE MATHEMATHICS,3,D,1,3,3.25,REPEAT
10319,MATH441,NUMERICAL ANALYSIS,4,F,0,0,3.25,REPEAT
10341,MATH330,DISCRETE MATHEMATHICS,3,D+,1.5,4.5,3.25,REPEAT
10363,CMPS316,PROGRAMMING LANGUAGES,3,F,0,0,3.25,REPEAT
10385,MATH121,INTERMEDIATE ALGEBRA,3,D+,1.5,4.5,3.25,
10407,SPAN111,SPANISH 1,3,C+,2.5,7.5,3.25,
10429,PSYC221,INTRO TO PSYCHOLOGY,3,W,,,3.25,
10451,HIST201,BELIZEAN HISTORY,3,C,2,6,3.25,
10473,CMPS145,INTRODUCTION TO COMPUTER SYSTEMS,3,C+,2.5,7.5,3.25,
10495,CMPS155,COMPUTER TECHNOLOGY,3,C,2,6,3.25,
10517,MATH104,CALCULUS I,3,D+,1.5,4.5,3.25,REPEAT
10539,CMPS213,BASIC PC REPAIR,3,B,3,9,3.25,
10561,CMPS4211,ADVANCED PC REPAIR,3,B+,3.5,10.5,3.25,
10583,CMPS3252,ALGORITHMS,3,D+,1.5,4.5,3.25,REPEAT
10605,CMPS4131,SOFTWARE ENGINEERING,3,C,2,6,3.25,
10627,MATH3151,LINEAR ALGEBRA,3,F,0,0,3.25,REPEAT
10649,MATH3151,LINEAR ALGEBRA,3,D+,1.5,4.5,3.25,REPEAT
10671,MATH3151,LINEAR ALGEBRA,3,C,2,6,3.25,
10693,CMPS324,SOFTWARE ENGINEERING,3,F,0,0,3.25,REPEAT
10715,CMPS144,PRINCIPLES OF PROGRAMMING II,3,RE,0,0,3.25,REPEAT
10737,CMPS360,MANAGEMENT INFORMATION SYSTEM,3,A,4,12,3.25,
10759,CMPS3131,ADVANCED GUI PROGRAMMING,3,C,2,6,3.25,
10781,CMPS2992,PROJECT,3,A-,3.75,11.25,3.25,
10803,CMPS3232,SYSTEMS ADMINISTRATION,3,D,1,3,3.25,REPEAT
10825,MATH1302,CALCULUS I,3,C,2,6,3.25,
10847,CMPS4111,DATABASE MANAGEMENT SYSTEMS II,3,F,0,0,3.25,REPEAT
10869,MATH2251,INTRO TO DISCRETE MATH,3,B,3,9,3.25,
10891,CMPS312,COMPUTER ORG. & ASSEMBLY LANG. PROG.,3,D,1,3,3.25,
10913,CMPS242,GUI PROGRAMMING,3,F,0,0,,REPEAT
10935,CMPS3232,SYSTEMS ADMINISTRATION,3,F,0,0,,REPEAT
10957,CMPS3232,SYSTEMS ADMINISTRATION,3,C,2,6,2.68,
10979,MATH4352,NUMERICAL ANALYSIS,4,C+,2.5,10,2.68,
11001,CMPS256,OPERATING SYSTEMS,3,WF,0,0,2.68,REPEAT
11023,CMPS244,WEB APPLICATION DEV. 1,3,C,2,6,2.68,
11045,CMPS3151,TELECOMMUNICATION,3,C,2,6,2.68,
11067,CMPS1232,PRINCIPLES OF PROGRAMMING II,3,B,3,9,2.68,
11089,CMPS255,OBJECT ORIENTED SYSTEM DEV.,4,C+,2.5,10,2.68,
11111,CMPS314,ALGORITHMS,3,WF,0,0,2.68,REPEAT
11133,CMPS256,OPERATING SYSTEMS,3,F,0,0,2.68,REPEAT
11155,CMPS2252,OPERATING SYSTEMS,3,C,2,6,2.68,
11177,CMPS4111,DATABASE MANAGEMENT SYSTEMS II,3,D,1,3,2.68,REPEAT
11199,CMPS4111,DATABASE MANAGEMENT SYSTEMS II,3,B,3,9,2.68,
11221,EDUC3252,INTRODUCTION TO GUIDANCE & COUNSELLING,3,A-,3.75,11.25,2.68,
11243,CMPS242,GUI PROGRAMMING,3,D,1,3,2.68,
11265,MATH1201,TRIGONOMETRY,3,B+,3.5,10.5,1.5,
11287,MATH2201,CALCULUS II,3,RE,0,0,1.5,REPEAT
11309,MATH125,ADVANCED ALGEBRA,3,B+,3.5,10.5,1.5,
11331,CMPS255,OBJECT ORIENTED SYSTEM DEV.,3,B,3,9,1.5,
11353,CMPS156,DATA STRUCTURES,3,AU,0,0,1.5,
11375,MATH210,DIFFERENTIAL CALCULUS,4,C+,2.5,10,1.5,
11397,MATH124,TRIGONOMETRY,3,WF,0,0,1.5,REPEAT
11419,MATH125,ADVANCED ALGEBRA,3,WF,0,0,1.5,REPEAT
11441,CMPS260,PROJECT,3,B+,3.5,10.5,3.81,
11463,MATH104,CALCULUS I,3,WF,0,0,3.81,REPEAT
11485,CMPS157,SYSTEM ANALYSIS,3,A-,3.75,11.25,3.81,
11507,CMPS328,DATABASE MGMT. SYS. II,3,F,0,0,3.81,
11529,CMPS145,INTRODUCTION TO COMPUTER SYSTEMS,3,A-,3.75,11.25,3.81,
11551,CMPS255,OBJECT ORIENTED SYSTEM DEV.,4,B,3,12,3.81,
11573,CMPS324,SOFTWARE ENGINEERING,3,D+,1.5,4.5,3.81,
11595,CMPS314,ALGORITHMS,3,F,0,0,3.81,REPEAT
11617,BLD109A,MASONRY THEORY,1,D+,1.5,1.5,3.81,
11639,BLD115,GEOMETRY,1,C,2,2,3.81,
11661,BLD109C,PLUMBING (THEORY),3,C+,2.5,7.5,3.81,
11683,BLD109F,INDUSTRIAL ORIENTATION,1,C+,2.5,2.5,3.81,
11705,BLD110B,CARPENTRY & JOINERY (THEORY),1,F,0,0,3.81,
11727,BLD102,ELEMENTARY SURVEYING I,2,NG,,,3.81,
11749,BLD109B,CARPENTRY & JOINERY (THEORY),1,C,2,2,3.81,
11771,ENGL111,COLLEGE ENGLISH I,3,C,2,6,3.81,
11793,BLD108,BUILDING CONSTRUCTION & DRAWING,4,D,1,4,3.81,
11815,BLD110A,MASONRY (THEORY),1,NG,,,3.81,
11837,BLD116,GEOMETRY,1,C,2,2,3.81,
11859,BLD103,PROPERTIES OF MATERIALS 1,2,C,2,4,3.81,
11881,PHYS141,PHYSICS FOR BUILDING & ENGINEERING,2,F,0,0,3.81,
11903,BLD107,BUILDING CONSTRUCTION AND DRAWING 1,4,C+,2.5,10,3.81,
11925,CMPS4131,SOFTWARE ENGINEERING,3,C+,2.5,7.5,3.81,
11947,EDUC3453,CLASSROOM ASSESSMENT,3,B+,3.5,10.5,3.81,
11969,CMPS256,OPERATING SYSTEMS,3,A,4,12,3.81,
11991,CMPS3252,ALGORITHMS,3,C+,2.5,7.5,3.81,
12013,CMPS319,SYSTEMS ENGINEERING,3,C+,2.5,7.5,3.81,
12035,CMPS2232,OBJECT ORIENTED SYSTEM DEVELOPMENT,3,B+,3.5,10.5,3.81,
12057,CMPS2992,PROJECT,3,B,3,9,3.81,
12079,MATH322,LINEAR ALGEBRA 1,3,A-,3.75,11.25,3.81,
12101,CMPS4231,DIGITAL LOGIC & SIGNAL PROCESSING,3,D+,1.5,4.5,3.81,REPEAT
12123,CMPS2212,GUI PROGRAMMING,3,C+,2.5,7.5,3.81,
12145,CMPS4231,DIGITAL LOGIC & SIGNAL PROCESSING,3,B,3,9,3.81,
12167,PSYC1014,INTRODUCTION TO PSYCHOLOGY,3,B+,3.5,10.5,3.81,
12189,CMPS244,WEB APPLICATION DEV. 1,3,B,3,9,3.81,
12211,CMPS323,SYSTEMS ADMINISTRATION,3,B,3,9,2.81,
12233,CMPS4211,ADVANCED PC REPAIR,3,B,3,9,2.81,
12255,ENGL3155,TECHNICAL WRITING,3,B+,3.5,10.5,2.81,
12277,EDUC4256,MEASUREMENT AND EVALUATION,3,B,3,9,2.81,
12299,CMPS4991,SENIOR SEMINAR IN INFORMATION TECHNOLOGY,3,B,3,9,2.81,
12321,MATH3251,CALCULUS III,3,A-,3.75,11.25,2.81,
12343,CMPS416,COMPILER CONSTRUCTION,3,A-,3.75,11.25,2.81,
12365,ENGL318,TECHNICAL WRITING.,3,D+,1.5,4.5,2.81,
12387,CMPS324,SOFTWARE ENGINEERING,3,D,1,3,2.81,REPEAT
12409,CMPS332,P C REPAIR,3,B,3,9,2.81,
12431,CMPS328,DATABASE MGMT. SYS. II,3,D+,1.5,4.5,2.81,REPEAT
12453,MATH330,DISCRETE MATHEMATHICS,3,WP,,,2.81,
12475,CMPS416,COMPILER CONSTRUCTION,3,D+,1.5,4.5,3.39,
12497,CMPS322,DIGITAL LOGIC & SIGNAL PROCESSING,3,RE,0,0,3.39,
12519,CMPS3151,TELECOMMUNICATION,3,B+,3.5,10.5,3.39,
12541,MATH3151,LINEAR ALGEBRA,3,WF,0,0,3.39,REPEAT
12563,MATH3251,CALCULUS III,3,D+,1.5,4.5,3.39,REPEAT
12585,CMPS4992,PROFESSIONAL PRACTICE,12,B,3,36,3.39,
12607,CMPS3012,MANAGEMENT INFORMATION SYSTEM,3,B,3,9,3.39,
12629,CMPS3111,PROGRAMMING LANGUAGES,3,D+,1.5,4.5,3.39,REPEAT
12651,CMPS3111,PROGRAMMING LANGUAGES,3,F,0,0,3.39,REPEAT
12673,CMPS4252,DIGITAL LOGIC AND DESIGN,3,A,4,12,3.39,
12695,ENGL3155,TECHNICAL WRITING,3,A-,3.75,11.25,3.39,
12717,CMPS3141,HUMAN COMPUTER INTERFACE,3,B,3,9,3.39,
12739,CMPS4232,SYSTEMS ADMINISTRATION,3,A,4,12,3.39,
12761,CMPS3171,NETWORK DESIGN,3,C+,2.5,7.5,3.39,
12783,CMPS4131,SOFTWARE ENGINEERING,3,B+,3.5,10.5,3.39,
12805,CMPS4991,SENIOR SEMINAR IN INFORMATION TECHNOLOGY,3,A-,3.75,11.25,3.39,
12827,CMPS4251,COMPUTER AND NETWORK SECURITY,3,B,3,9,3.39,
12849,CMPS4992,PROFESSIONAL PRACTICE,12,,,,2.64,
12871,CMPS4191,ADVANCED WEB TECHNOLOGIES,3,B+,3.5,10.5,2.64,
12893,CMPS3162,ADVANCED DATABASES,3,A,4,12,2.64,
12915,CMPS321,TELECOMMUNICATIONS SYSTEMS,3,A-,3.75,11.25,2.64,
12937,CMPS411,COMPUTER NETWORK SECURITY,3,B+,3.5,10.5,2.64,
12959,MATH333,CALCULUS III,3,B+,3.5,10.5,2.64,
12981,CMPS424,PROFESSIONAL PRACTICE,12,A,4,48,2.64,
13003,CMPS360,MANAGEMENT INFORMATION SYSTEM,3,C+,2.5,7.5,2.64,
13025,CMPS413,ADVANCED WEB TECHNOLOGIES,3,WF,0,0,2.64,REPEAT
13047,CMPS422,SENIOR SEMINAR IN INFORMATION TECHNOLOGY,3,A-,3.75,11.25,2.64,
13069,CMPS314,ALGORITHMS,3,D,1,3,2.64,REPEAT
13091,CMCN209,COMMUNICATION SKILLS,3,D+,1.5,4.5,2.64,
13113,CMPS413,ADVANCED WEB TECHNOLOGIES,3,A-,3.75,11.25,2.64,
13135,CMPS213,BASIC PC REPAIR,3,B+,3.5,10.5,2.64,
13157,CMPS328,DATABASE MGMT. SYS. II,3,RE,0,0,2.64,
13179,CMPS144,PRINCIPLES OF PROGRAMMING II,3,WP,0,0,2.64,REPEAT
13201,MATH104,CALCULUS I,3,RE,0,0,2.64,
13223,CMPS321,TELECOMMUNICATIONS SYSTEMS,3,W,0,0,2.64,
13245,CMPS323,SYSTEMS ADMINISTRATION,3,RE,0,0,2.64,
13267,CMPS3252,ALGORITHMS,3,B,3,9,0,
13289,CMPS2151,WEB DEVELOPMENT,3,B,3,9,0,
13311,CMPS3151,TELECOMMUNICATION,3,D+,1.5,4.5,0,REPEAT
13333,MGMT101,APPLIED MANAGEMENT I,3,A,4,12,2.43,
13355,CMPS3131,ADVANCED GUI PROGRAMMING,3,B+,3.5,10.5,2.43,
13377,MGMT304,DYNAMICS OF ORG. BEHAVIOUR,3,B+,3.5,10.5,2.58,
13399,CMPS323,SYSTEMS ADMINISTRATION,3,D+,1.5,4.5,2.43,REPEAT
13421,MATH3151,LINEAR ALGEBRA,3,A-,3.75,11.25,2.43,
13443,CMPS318,ADVANCED PC REPAIR,3,B+,3.5,10.5,2.43,
13465,CMPS3232,SYSTEMS ADMINISTRATION,3,B+,3.5,10.5,2.43,
13487,CMPS4231,DIGITAL LOGIC & SIGNAL PROCESSING,3,B+,3.5,10.5,2.43,
13509,CMPS3131,ADVANCED GUI PROGRAMMING,3,RE,0,0,2.58,REPEAT
13531,CMPS245,DATABASE MANAGEMENT SYSTEMS I,3,NG,,,2.58,
13553,CMPS247,COMPUTER NETWORKING I,3,NG,,,2.43,
13575,HIST201,BELIZEAN HISTORY,3,NG,,,2.43,
13597,CMPS142,PRINCIPLES OF PROGRAMMING I,3,C,2,6,2.43,REPEAT
13619,SOCL221,INTRODUCTION TO SOCIOLOGY,3,C+,2.5,7.5,2.58,
13641,PHIL210,ETHICS,3,B,3,9,2.58,
13663,CMPS144,PRINCIPLES OF PROGRAMMING II,3,W,0,0,2.58,
13685,MATH330,DISCRETE MATHEMATHICS,3,D,1,3,2.58,
13707,MGMT101,APPLIED MANAGEMENT I,3,C,2,6,2.43,
13729,MGMT285,BUSINESS ETHICS,3,B,3,9,2.43,
13751,CMPS142,PRINCIPLES OF PROGRAMMING I,3,C+,2.5,7.5,3.22,
13773,CMPS245,DATABASE MANAGEMENT SYSTEMS I,3,D+,1.5,4.5,3.22,
13795,ECON101,INTRODUCTION TO ECONOMICS,3,C+,2.5,7.5,3.22,
13817,CMPS315,NETWORK ENGINEERING,3,B,3,9,3.22,
13839,CMPS360,MANAGEMENT INFORMATION SYSTEM,3,NG,,,3.22,
13861,MATH104,CALCULUS I,3,C+,2.5,7.5,3.22,
13883,MATH2201,CALCULUS II,3,D+,1.5,4.5,3.22,REPEAT
13905,CMPS3232,SYSTEMS ADMINISTRATION,3,A-,3.75,11.25,3.22,
13927,ENGL2105,COMMUNICATION SKILLS,3,C+,2.5,7.5,3.22,
13949,CMPS4111,DATABASE MANAGEMENT SYSTEMS II,3,C,2,6,3.22,
13971,MATH2201,CALCULUS II,3,B,3,9,3.22,
13993,PHYS1015,GENERAL PHYSICS I,3,C+,2.5,7.5,3.22,
14015,CMPS242,GUI PROGRAMMING,3,F,0,0,3.22,
14037,PHYS1015L,GENERAL PHYSICS I LAB,1,C+,2.5,2.5,3.22,
14059,CMPS323,SYSTEMS ADMINISTRATION,3,D+,1.5,4.5,3.22,
14081,MATH1151,ALGEBRA,3,A,4,12,3.22,
14103,CMPS413,ADVANCED WEB TECHNOLOGIES,3,WF,0,0,3.22,
14125,CMPS317,ADVANCED GUI DEVELOPMENT,3,B,3,9,3.22,
14147,CMPS314,ALGORITHMS,3,D+,1.5,4.5,3.22,REPEAT
14169,CMPS255,OBJECT ORIENTED SYSTEM DEV.,3,D+,1.5,4.5,3.22,REPEAT
14191,CMCN209,COMMUNICATION SKILLS,3,B,3,9,3.07,
14213,CMPS411,COMPUTER NETWORK SECURITY,3,B,3,9,3.07,
14235,MATH322,LINEAR ALGEBRA 1,3,C,2,6,3.07,
14257,CMPS328,DATABASE MGMT. SYS. II,3,WF,0,0,3.07,
14279,MATH333,CALCULUS III,3,B,3,9,3.07,
14301,CMPS3131,ADVANCED GUI PROGRAMMING,3,B,3,9,3.07,
14323,CMPS4251,COMPUTER AND NETWORK SECURITY,3,B+,3.5,10.5,3.07,
14345,MGMT304,DYNAMICS OF ORG. BEHAVIOUR,3,B,3,9,3.07,
14367,MATH203,CALCULUS II,3,B+,3.5,10.5,3.07,
14389,PHIL210,ETHICS,3,B+,3.5,10.5,3.07,
14411,CMPS242,GUI PROGRAMMING,3,A-,3.75,11.25,3.07,
14433,CMPS255,OBJECT ORIENTED SYSTEM DEV.,3,C+,2.5,7.5,3.07,
14455,CMPS3252,ALGORITHMS,3,B+,3.5,10.5,3.07,
14477,CMPS256,OPERATING SYSTEMS,3,D+,1.5,4.5,3.07,REPEAT
14499,CMPS3252,ALGORITHMS,3,W,0,0,3.07,REPEAT
14521,CMPS2232,OBJECT ORIENTED SYSTEM DEVELOPMENT,3,C,2,6,3.07,
14543,CMPS142,PRINCIPLES OF PROGRAMMING I,3,B,3,9,3.07,
14565,CMPS157,SYSTEM ANALYSIS,3,C+,2.5,7.5,3.07,
14587,CMPS2131,DATA STRUCTURES,3,C+,2.5,7.5,3.07,
14609,CMPS3232,SYSTEMS ADMINISTRATION,3,D+,1.5,4.5,3.07,REPEAT
14631,CMPS144,PRINCIPLES OF PROGRAMMING II,3,D,1,3,3.68,REPEAT
14653,MATH203,CALCULUS II,3,WF,0,0,3.68,REPEAT
14675,CMPS3151,TELECOMMUNICATION,3,F,0,0,3.68,REPEAT
14697,CMPS1232,PRINCIPLES OF PROGRAMMING II,3,C+,2.5,7.5,3.68,
14719,CMPS328,DATABASE MGMT. SYS. II,3,W,0,0,3.68,
14741,CMPS318,ADVANCED PC REPAIR,3,C,2,6,3.68,
14763,CMPS2212,GUI PROGRAMMING,3,B,3,9,3.68,
14785,CMPS2252,OPERATING SYSTEMS,3,A-,3.75,11.25,3.68,
14807,CMPS315,NETWORK ENGINEERING,3,A,4,12,3.68,
14829,CMPS3111,PROGRAMMING LANGUAGES,3,B+,3.5,10.5,3.68,
14851,ENGL3155,TECHNICAL WRITING,3,B,3,9,3.68,
14873,CMPS4992,PROFESSIONAL PRACTICE,12,A,4,48,3.68,
14895,MATH203,CALCULUS II,3,A-,3.75,11.25,3.68,
14917,CMPS242,GUI PROGRAMMING,3,B+,3.5,10.5,3.68,
14939,MATH333,CALCULUS III,3,C+,2.5,7.5,3.68,
14961,CMCN209,COMMUNICATION SKILLS,3,A,4,12,3.68,
14983,CMPS328,DATABASE MGMT. SYS. II,3,D,1,3,3.33,REPEAT
15005,CMPS413,ADVANCED WEB TECHNOLOGIES,3,B+,3.5,10.5,3.33,
15027,CMPS242,GUI PROGRAMMING,3,A,4,12,3.33,
15049,CMPS424,PROFESSIONAL PRACTICE,12,B+,3.5,42,3.33,
15071,PSYC221,INTRO TO PSYCHOLOGY,3,A,4,12,3.33,
15093,MATH207,STATISTICS,3,B,3,9,3.33,
15115,MATH203,CALCULUS II,3,D+,1.5,4.5,3.33,REPEAT
15137,CMPS256,OPERATING SYSTEMS,3,WF,0,0,3.33,
15159,CMPS242,GUI PROGRAMMING,3,B,3,9,3.33,
15181,CMPS315,NETWORK ENGINEERING,3,C+,2.5,7.5,3.33,
15203,CMPS3111,PROGRAMMING LANGUAGES,3,NG,,,3.33,
15225,CMPS317,ADVANCED GUI DEVELOPMENT,3,W,0,0,3.33,
15247,CMPS3131,ADVANCED GUI PROGRAMMING,3,F,0,0,3.33,
15269,CMPS316,PROGRAMMING LANGUAGES,3,W,0,0,3.33,
15291,CMPS411,COMPUTER NETWORK SECURITY,3,D+,1.5,4.5,3.33,
15313,CMPS416,COMPILER CONSTRUCTION,3,WP,0,0,3.33,REPEAT
15335,MATH441,NUMERICAL ANALYSIS,4,C+,2.5,10,3.33,
15357,CMPS323,SYSTEMS ADMINISTRATION,3,D,1,3,3.33,REPEAT
15379,EDUC306,SOCIAL CONTEXT OF SCHOOLING,3,B+,3.5,10.5,3.81,
15401,CMPS424,PROFESSIONAL PRACTICE,12,B,3,36,3.81,
15423,CMPS323,SYSTEMS ADMINISTRATION,3,A-,3.75,11.25,3.81,
15445,CMPS328,DATABASE MGMT. SYS. II,3,D,1,3,3.81,
15467,MATH203,CALCULUS II,3,B,3,9,3.81,
15489,MATH101,ALGEBRA 1,3,B,3,9,3.81,
15511,CMPS140,INTRODUCTION TO COMPUTER STUDIES,3,A-,3.75,11.25,3.81,
15533,CMPS319,SYSTEMS ENGINEERING,3,C,2,6,3.81,
15555,MAT103,TRIGONOMETRY 1,3,C+,2.5,7.5,3.81,
15577,CMPS317,ADVANCED GUI DEVELOPMENT,3,A-,3.75,11.25,3.81,
15599,MATH333,CALCULUS III,3,D,1,3,3.81,REPEAT
15621,MATH104,CALCULUS I,3,F,0,0,3.81,REPEAT
15643,CMPS245,DATABASE MANAGEMENT SYSTEMS I,3,D,1,3,3.81,REPEAT
15665,CMPS4131,SOFTWARE ENGINEERING,3,B,3,9,3.81,
15687,PSYC221,INTRO TO PSYCHOLOGY,3,C,2,6,3.81,
15709,CMPS4111,DATABASE MANAGEMENT SYSTEMS II,3,WF,0,0,3.81,
15731,CMPS1212,BASIC PC REPAIR,3,B,3,9,3.81,
15753,SPAN102,LEVEL 2 LOWER-INTERMEDIATE SPANISH,3,C,2,6,3.17,
15775,CMPS245,DATABASE MANAGEMENT SYSTEMS I,3,C,2,6,3.17,
15797,CMPS2131,DATA STRUCTURES,3,B,3,9,3.17,
15819,MATH322,LINEAR ALGEBRA 1,3,C+,2.5,7.5,3.17,
15841,CMPS413,ADVANCED WEB TECHNOLOGIES,3,C+,2.5,7.5,3.17,
15863,CMPS318,ADVANCED PC REPAIR,3,A-,3.75,11.25,3.17,
15885,CMCN209,COMMUNICATION SKILLS,3,A-,3.75,11.25,3.17,
15907,CMPS319,SYSTEMS ENGINEERING,3,A,4,12,3.17,
15929,MGMT304,DYNAMICS OF ORG. BEHAVIOUR,3,A,4,12,3.17,
15951,CMPS142,PRINCIPLES OF PROGRAMMING I,3,A,4,12,3.17,
15973,MAT103,TRIGONOMETRY 1,3,A,4,12,3.17,
15995,MATH330,DISCRETE MATHEMATHICS,3,WP,0,0,3.17,REPEAT
16017,CMPS328,DATABASE MGMT. SYS. II,3,D+,1.5,4.5,3.17,
16039,MATH441,NUMERICAL ANALYSIS,3,W,0,0,3.17,
16061,CMPS321,TELECOMMUNICATIONS SYSTEMS,3,C,2,6,3.17,REPEAT
16083,CMPS416,COMPILER CONSTRUCTION,3,W,0,0,3.17,
16105,CMPS323,SYSTEMS ADMINISTRATION,3,A,4,12,3.17,
16127,MATH333,CALCULUS III,3,A,4,12,3.17,
16149,CMPS317,ADVANCED GUI DEVELOPMENT,3,A,4,12,3.11,
16171,MATH322,LINEAR ALGEBRA 1,3,B+,3.5,10.5,3.11,
16193,CMPS413,ADVANCED WEB TECHNOLOGIES,3,A,4,12,3.11,
16215,CMPS322,DIGITAL LOGIC & SIGNAL PROCESSING,3,W,0,0,3.11,
16237,MATH203,CALCULUS II,3,D,1,3,3.11,
16259,CMPS156,DATA STRUCTURES,3,WP,0,0,3.11,
16281,CMPS413,ADVANCED WEB TECHNOLOGIES,3,B,3,9,3.11,
16303,MATH203,CALCULUS II,3,W,0,0,3.11,REPEAT
16325,CMPS317,ADVANCED GUI DEVELOPMENT,3,C,2,6,3.11,
16347,CMPS411,COMPUTER NETWORK SECURITY,3,WP,0,0,3.11,
16369,CMPS3272,SYSTEMS ENGINEERING,3,B,3,9,3.11,
16391,ENGL318,TECHNICAL WRITING.,3,RE,,,3.11,
16413,MATH322,LINEAR ALGEBRA 1,3,RE,,,3.11,
16435,MATH2201,CALCULUS II,3,A,4,12,3.11,
16457,CMPS2151,WEB DEVELOPMENT,3,A-,3.75,11.25,3.11,
16479,CMPS3012,MANAGEMENT INFORMATION SYSTEM,3,A-,3.75,11.25,3.11,
16501,CMPS316,PROGRAMMING LANGUAGES,3,RE,,,3.11,
16523,MATH203,CALCULUS II,3,RE,,,3.17,
16545,CMPS321,TELECOMMUNICATIONS SYSTEMS,3,D+,1.5,4.5,3.17,
16567,ENGL3155,TECHNICAL WRITING,3,C,2,6,3.17,
16589,MATH322,LINEAR ALGEBRA 1,3,W,0,0,0,
16611,CMPS317,ADVANCED GUI DEVELOPMENT,3,RE,,,0,
16633,CMPS321,TELECOMMUNICATIONS SYSTEMS,3,NG,,,0,
16655,ENGL2105,COMMUNICATION SKILLS,3,A,4,12,3.28,
16677,CMPS4111,DATABASE MANAGEMENT SYSTEMS II,3,A,4,12,3.28,
16699,CMPS3252,ALGORITHMS,3,F,0,0,3.28,
16721,MATH104,CALCULUS I,3,WP,0,0,3.28,
16743,CMPS321,TELECOMMUNICATIONS SYSTEMS,3,C,2,6,3.28,
16765,CMPS411,COMPUTER NETWORK SECURITY,3,C,2,6,3.28,
16787,CMPS4191,ADVANCED WEB TECHNOLOGIES,3,A-,3.75,11.25,3.28,
16809,CMPS319,SYSTEMS ENGINEERING,3,F,0,0,3.28,REPEAT
16831,MATH322,LINEAR ALGEBRA 1,3,A,4,12,3.28,
16853,MATH333,CALCULUS III,3,D+,1.5,4.5,3.28,REPEAT
16875,CMPS321,TELECOMMUNICATIONS SYSTEMS,3,D+,1.5,4.5,3.28,REPEAT
16897,MATH333,CALCULUS III,3,A-,3.75,11.25,3.28,
16919,CMPS413,ADVANCED WEB TECHNOLOGIES,3,W,0,0,3.28,
16941,CMPS314,ALGORITHMS,3,W,0,0,3.28,REPEAT
16963,CMPS416,COMPILER CONSTRUCTION,3,F,0,0,3.28,REPEAT
16985,CMPS323,SYSTEMS ADMINISTRATION,3,C,2,6,3.28,
17007,CMPS323,SYSTEMS ADMINISTRATION,3,F,0,0,3.28,REPEAT
17029,MATH202,STATISTICS 2,3,D,1,3,3.28,
17051,CMPS422,SENIOR SEMINAR IN INFORMATION TECHNOLOGY,3,C,2,6,3.28,
17073,MATH207,STATISTICS,3,D+,1.5,4.5,3.28,
17095,CMPS319,SYSTEMS ENGINEERING,3,D,1,3,3.28,REPEAT
17117,CMPS360,MANAGEMENT INFORMATION SYSTEM,3,F,0,0,3.28,REPEAT
17139,CMPS317,ADVANCED GUI DEVELOPMENT,3,F,0,0,3.28,REPEAT
17161,CMPS2131,DATA STRUCTURES,3,F,0,0,3.28,REPEAT
17183,MATH207,STATISTICS,3,D,1,3,3.28,REPEAT
17205,CMPS3131,ADVANCED GUI PROGRAMMING,3,F,0,0,3.28,REPEAT
17227,SOCL1014,INTRODUCTION TO SOCIOLOGY,3,F,0,0,3.28,
17249,CMPS1134,FUNDAMENTALS OF COMPUTING,3,NG,,,2.88,
17271,CMPS411,COMPUTER NETWORK SECURITY,3,WF,0,0,2.88,
17293,CMPS155,COMPUTER TECHNOLOGY,3,A,4,12,2.88,
17315,CMPS157,SYSTEM ANALYSIS,3,C,2,6,2.88,
17337,CMPS144,PRINCIPLES OF PROGRAMMING II,3,NG,,,2.88,
17359,CMPS142,PRINCIPLES OF PROGRAMMING I,3,A-,3.75,11.25,2.88,
17381,MATH101,ALGEBRA 1,3,C+,2.5,7.5,2.88,
17403,MATH441,NUMERICAL ANALYSIS,3,W,0,0,2.88,REPEAT
17425,CMPS323,SYSTEMS ADMINISTRATION,3,D,1,3,2.88,
17447,CMPS317,ADVANCED GUI DEVELOPMENT,3,D,1,3,2.88,
17469,MATH203,CALCULUS II,3,WF,0,0,2.88,
17491,SOCL221,INTRODUCTION TO SOCIOLOGY,3,B+,3.5,10.5,2.88,
17513,CMPS156,DATA STRUCTURES,3,WP,0,0,2.88,REPEAT
17535,MATH330,DISCRETE MATHEMATHICS,3,WF,0,0,2.88,REPEAT
17557,CMPS144,PRINCIPLES OF PROGRAMMING II,3,C,2,6,2.88,REPEAT
17579,CMPS156,DATA STRUCTURES,3,W,0,0,2.88,REPEAT
17601,CMPS244,WEB APPLICATION DEV. 1,3,C+,2.5,7.5,2.88,
17623,SPAN112,SPANISH II,3,A,4,12,2.88,
17645,PHYS241,GENERAL PHYSICS I,3,WP,0,0,2.88,
17667,CMPS156,DATA STRUCTURES,3,F,0,0,3.25,
17689,MATH203,CALCULUS II,3,F,0,0,3.25,
17711,CMPS4231,DIGITAL LOGIC & SIGNAL PROCESSING,3,A,4,12,3.25,
17733,CMPS3252,ALGORITHMS,3,A,4,12,3.25,
17755,MATH3151,LINEAR ALGEBRA,3,F,0,0,3.25,
17777,MATH3251,CALCULUS III,3,F,0,0,3.25,REPEAT
17799,CMPS323,SYSTEMS ADMINISTRATION,3,WF,0,0,3.25,
17821,PHYS241,GENERAL PHYSICS I,2,F,0,0,3.25,
17843,CMCN209,COMMUNICATION SKILLS,3,WF,0,0,3.25,
17865,CMPS213,BASIC PC REPAIR,3,F,0,0,3.25,
17887,CMPS3151,TELECOMMUNICATION,3,F,0,0,3.25,
17909,CMPS317,ADVANCED GUI DEVELOPMENT,3,F,0,0,3.25,
17931,MAT103,TRIGONOMETRY 1,3,F,0,0,3.25,
17953,PHYS241L,GENERAL PHYSICS LAB,1,C,2,2,3.25,
17975,CMPS316,PROGRAMMING LANGUAGES,3,D,1,3,3.25,
17997,CMPS319,SYSTEMS ENGINEERING,3,F,0,0,3.25,
18019,MGMT3015,ORGANIZATIONAL BEHAVIOR,3,C,2,6,3.25,
18041,GSTU101,STUDY SKILLS,1,A,4,4,3.25,
18063,MATH3025,BUSINESS STATISTICS II,3,C+,2.5,7.5,3.25,
18085,CMPS322,DIGITAL LOGIC & SIGNAL PROCESSING,3,D+,1.5,4.5,3.25,REPEAT
18107,CMPS255,OBJECT ORIENTED SYSTEM DEV.,3,F,0,0,3.25,REPEAT
18129,MATH441,NUMERICAL ANALYSIS,4,C,2,8,3.25,
18151,CMPS328,DATABASE MGMT. SYS. II,3,WF,0,0,3.25,REPEAT
18173,MATH324,FUNDAMENTAL CONCEPTS OF MATH,3,F,0,0,3.25,
18195,MATH104,CALCULUS I,3,B,3,9,3.25,
18217,PHYS241,GENERAL PHYSICS I,3,WF,0,0,3.25,REPEAT
18239,CMPS156,DATA STRUCTURES,3,WF,0,0,3.25,REPEAT
18261,CMPS315,NETWORK ENGINEERING,3,C,2,6,3.25,
18283,CMPS4111,DATABASE MANAGEMENT SYSTEMS II,3,WF,0,0,3.25,REPEAT
18305,MAT103,TRIGONOMETRY 1,3,WF,0,0,3.25,REPEAT
18327,MATH121,INTERMEDIATE ALGEBRA,3,B+,3.5,10.5,3.25,
18349,CMPS332,P C REPAIR,3,D+,0,0,3.25,REPEAT
18371,CMPS245,DATABASE MANAGEMENT SYSTEMS I,3,WF,0,0,3.25,REPEAT
18393,MATH102,COMPLEX NUMBERS & VECTORS,3,D,1,3,3.25,
18415,PHYS241L,GENERAL PHYSICS LAB,1,,,,3.25,
18437,CMPS244,WEB APPLICATION DEV. 1,3,A,4,12,3.25,
18459,CMPS244,WEB APPLICATION DEV. 1,3,NG,,,3.25,
18481,CMPS242,GUI PROGRAMMING,3,AU,0,0,3.25,
18503,CMPS256,OPERATING SYSTEMS,3,WP,0,0,3.25,
18525,CMPS413,ADVANCED WEB TECHNOLOGIES,3,C,2,6,3.25,
18547,SPAN101,LEVEL 1 BEGINNING SPANISH,3,A,4,12,3.25,
18569,CMPS255,OBJECT ORIENTED SYSTEM DEV.,3,AU,0,0,3.58,
18591,CMPS144,PRINCIPLES OF PROGRAMMING II,3,AU,0,0,3.58,
18613,MATH203,CALCULUS II,3,D+,1.5,4.5,3.58,
18635,PSYC342,ADOLESCENT PSYCHOLOGY,3,B+,3.5,10.5,3.58,
18657,CMPS140,INTRODUCTION TO COMPUTER STUDIES,3,A,4,12,3.58,
18679,MATH101,ALGEBRA 1,3,B+,3.5,10.5,3.58,
18701,MATH104,CALCULUS I,3,C,2,6,3.58,
18723,MATH104,CALCULUS I,3,D,1,3,3.58,REPEAT
18745,HIST201,BELIZEAN HISTORY,3,A,4,12,3.58,
18767,CMPS3151,TELECOMMUNICATION,3,A,4,12,3.58,
18789,PSYC221,INTRO TO PSYCHOLOGY,3,D,1,3,3.58,
18811,CMPS4111,DATABASE MANAGEMENT SYSTEMS II,3,C+,2.5,7.5,3.58,
18833,CMPS322,DIGITAL LOGIC & SIGNAL PROCESSING,3,F,0,0,3.58,REPEAT
18855,CMPS323,SYSTEMS ADMINISTRATION,3,WF,0,0,3.58,REPEAT
18877,CMPS1131,PROGRAMMING I,3,B+,3.5,10.5,3.58,
18899,CMPS3151,TELECOMMUNICATION,3,D,1,3,0,REPEAT
18921,CMPS3151,TELECOMMUNICATION,3,B,3,9,3.33,
18943,CMPS4231,DIGITAL LOGIC & SIGNAL PROCESSING,3,D,1,3,3.33,REPEAT
18965,MGMT3015,ORGANIZATIONAL BEHAVIOR,3,B+,3.5,10.5,3.33,
18987,CMPS3272,SYSTEMS ENGINEERING,3,C+,2.5,7.5,3.33,
19009,CMPS3252,ALGORITHMS,3,F,0,0,3.33,REPEAT
19031,CMPS4992,PROFESSIONAL PRACTICE,12,C,2,24,3.33,
19053,CMPS4191,ADVANCED WEB TECHNOLOGIES,3,WF,0,0,0,
19075,CMPS2252,OPERATING SYSTEMS,3,B,3,9,0,
19097,ENGL2105,COMMUNICATION SKILLS,3,A-,3.75,11.25,0,
19119,MATH2201,CALCULUS II,3,F,0,0,0,REPEAT
19141,MATH3251,CALCULUS III,3,D,1,3,3.33,REPEAT
19163,CMPS3252,ALGORITHMS,3,D,1,3,3.33,REPEAT
19185,MATH3251,CALCULUS III,3,NG,,,3.33,REPEAT
19207,CMPS2212,GUI PROGRAMMING,3,C,2,6,3.33,
19229,MATH104,CALCULUS I,3,A,4,12,3.33,
19251,CMPS144,PRINCIPLES OF PROGRAMMING II,3,A,4,12,1.81,
19273,MATH322,LINEAR ALGEBRA 1,3,F,0,0,1.81,REPEAT
19295,CMPS360,MANAGEMENT INFORMATION SYSTEM,3,WP,0,0,1.81,REPEAT
19317,CMPS245,DATABASE MANAGEMENT SYSTEMS I,3,D+,0.17,0.5,1.81,REPEAT
19339,MGMT101,APPLIED MANAGEMENT I,3,C+,2.5,7.5,1.81,
19361,CMPS413,ADVANCED WEB TECHNOLOGIES,3,F,0,0,1.81,REPEAT
19383,CMPS318,ADVANCED PC REPAIR,3,C+,2.5,7.5,1.81,
19405,MAT103,TRIGONOMETRY 1,3,B+,3.5,10.5,1.81,
19427,MATH441,NUMERICAL ANALYSIS,4,WP,0,0,1.81,
19449,SPAN101,LEVEL 1 BEGINNING SPANISH,3,A-,3.75,11.25,1.81,
19471,MATH101,ALGEBRA 1,3,A-,3.75,11.25,1.81,
19493,MATH104,CALCULUS I,3,A-,3.75,11.25,2.81,
19515,CMPS255,OBJECT ORIENTED SYSTEM DEV.,3,WP,0,0,2.81,REPEAT
19537,MATH441,NUMERICAL ANALYSIS,4,B,3,12,2.81,
19559,MATH333,CALCULUS III,3,WP,0,0,2.81,REPEAT
19581,CMPS213,BASIC PC REPAIR,3,,,,2.81,
19603,CMPS144,PRINCIPLES OF PROGRAMMING II,3,A-,3.75,11.25,2.81,
19625,MAT103,TRIGONOMETRY 1,3,B,3,9,2.81,
19647,CMPS324,SOFTWARE ENGINEERING,3,WF,0,0,2.81,REPEAT
19669,CMPS315,NETWORK ENGINEERING,3,F,0,0,2.81,
19691,SPAN111,SPANISH 1,3,B+,3.5,10.5,2.81,
19713,CMPS213,BASIC PC REPAIR,3,F,0,0,2.81,REPEAT
19735,CMPS245,DATABASE MANAGEMENT SYSTEMS I,3,C,2,6,2.81,REPEAT
19757,CMPS244,WEB APPLICATION DEV. 1,3,C+,2.5,7.5,2.81,REPEAT
19779,CMPS213,BASIC PC REPAIR,3,C+,2.5,7.5,2.81,
19801,ENGL318,TECHNICAL WRITING.,3,C,2,6,2.81,REPEAT
19823,CMPS4991,SENIOR SEMINAR IN INFORMATION TECHNOLOGY,3,C+,2.5,7.5,2.81,
19845,ENGL3155,TECHNICAL WRITING,3,F,0,0,2.81,REPEAT
19867,CMPS411,COMPUTER NETWORK SECURITY,3,D,1,3,2.81,REPEAT
19889,MATH322,LINEAR ALGEBRA 1,3,WF,0,0,3.45,REPEAT
19911,CMPS317,ADVANCED GUI DEVELOPMENT,3,D,1,3,3.45,REPEAT
19933,CMPS4151,NETWORK ENGINEERING,3,C,2,6,3.45,
19955,CMPS4151,NETWORK ENGINEERING,3,B+,3.5,10.5,3.45,
19977,CMPS4175,ROUTING AND SWITCHING,3,A,4,12,3.45,
19999,SPAN2015,LEVEL 3 INTERMEDIATE SPANISH,3,P,0,0,3.45,
20021,CMPS3252,ALGORITHMS,3,,,,3.45,
20043,MATH3251,CALCULUS III,3,WP,0,0,3.45,REPEAT
20065,CMPS3141,HUMAN COMPUTER INTERFACE,3,C,2,6,3.45,
20087,CMPS4232,SYSTEMS ADMINISTRATION,3,B+,3.5,10.5,3.45,
20109,PLAS0014,SPANISH PLACEMENT EXAM,0,A,0,0,3.45,
20131,RSCH2014,RESEARCH METHODS,3,W,0,0,3.45,
20153,CMPS318,ADVANCED PC REPAIR,3,WF,0,0,3.45,
20175,CMPS3111,PROGRAMMING LANGUAGES,3,RE,0,0,3.45,REPEAT
20197,MATH3251,CALCULUS III,3,W,0,0,3.45,REPEAT
20219,RSCH2014,RESEARCH METHODS,3,W,0,0,3.45,REPEAT
20241,CMPS4191,ADVANCED WEB TECHNOLOGIES,3,A,4,12,3.45,
20263,MAT103,TRIGONOMETRY 1,3,WP,0,0,2.88,REPEAT
20285,CMPS422,SENIOR SEMINAR IN INFORMATION TECHNOLOGY,3,F,0,0,2.88,REPEAT
20307,SPAN101,LEVEL 1 BEGINNING SPANISH,3,B,3,9,3.61,
20329,MATH441,NUMERICAL ANALYSIS,4,WP,0,0,3.61,REPEAT
20351,CMPS321,TELECOMMUNICATIONS SYSTEMS,3,F,0,0,3.61,
20373,CMPS322,DIGITAL LOGIC & SIGNAL PROCESSING,3,D,1,3,3.61,REPEAT
20395,MATH104,CALCULUS I,3,B+,3.5,10.5,3.61,
20417,CMPS315,NETWORK ENGINEERING,3,D,1,3,3.61,REPEAT
20439,CMPS140,INTRODUCTION TO COMPUTER STUDIES,3,WF,0,0,3.61,REPEAT
20461,CMPS322,DIGITAL LOGIC & SIGNAL PROCESSING,3,WF,0,0,3.61,REPEAT
20483,GSTU101,STUDY SKILLS,1,D,1,1,3.61,
20505,CMPS314,ALGORITHMS,3,D+,1.5,4.5,3.61,
20527,CMPS245,DATABASE MANAGEMENT SYSTEMS I,3,WF,0,0,3.61,
20549,MATH101,ALGEBRA 1,3,C,2,6,3.61,
20571,CMPS413,ADVANCED WEB TECHNOLOGIES,3,D+,1.5,4.5,3.61,
20593,MAT103,TRIGONOMETRY 1,3,W,0,0,3.61,REPEAT
20615,CMCN209,COMMUNICATION SKILLS,3,WF,0,0,3.61,REPEAT
20637,CMPS322,DIGITAL LOGIC & SIGNAL PROCESSING,3,D,0,0,3.61,REPEAT
20659,CMPS321,TELECOMMUNICATIONS SYSTEMS,3,WF,0,0,3.61,
20681,MATH1302,CALCULUS I,3,F,0,0,3.61,REPEAT
20703,MATH1201,TRIGONOMETRY,3,A-,3.75,11.25,3.61,
20725,CMPS414,NETWORKING II,3,WF,0,0,3.61,
20747,CMPS322,DIGITAL LOGIC & SIGNAL PROCESSING,3,W,0,0,3.61,REPEAT
20769,CMPS413,ADVANCED WEB TECHNOLOGIES,3,D+,1.5,4.5,3.14,REPEAT
20791,CMPS4231,DIGITAL LOGIC & SIGNAL PROCESSING,3,F,0,0,3.14,REPEAT
20813,MATH1302,CALCULUS I,3,A-,3.75,11.25,3.14,
20835,MAT103,TRIGONOMETRY 1,3,F,0,0,3.14,REPEAT
20857,MATH3251,CALCULUS III,3,A,4,12,3.14,
20879,CMPS4191,ADVANCED WEB TECHNOLOGIES,3,C+,2.5,7.5,3.14,
20901,CMPS4232,SYSTEMS ADMINISTRATION,3,A-,3.75,11.25,3.14,
20923,ENGL1035,THE COMPOSING PROCESS,3,C+,2.5,7.5,3.14,
20945,RSCH2014,RESEARCH METHODS,3,C+,2.5,7.5,3.14,
20967,CMPS4131,SOFTWARE ENGINEERING,3,F,0,0,3.14,REPEAT
20989,PSYC221,INTRO TO PSYCHOLOGY,3,C+,2.5,7.5,3.14,
21011,MATH101,ALGEBRA 1,3,W,0,0,3.14,
21033,CMPS142,PRINCIPLES OF PROGRAMMING I,3,W,0,0,3.14,
21055,HIST201,BELIZEAN HISTORY,3,C+,2.5,7.5,3.14,
21077,SPAN112,SPANISH II,3,D,1,3,3.14,
21099,SOCL221,INTRODUCTION TO SOCIOLOGY,3,D,1,3,3.14,
21121,HIST1014,INTRODUCTION TO BELIZEAN HISTORY,3,C,2,6,3.14,
21143,CMPS4992,PROFESSIONAL PRACTICE,12,C+,2.5,30,3.14,
21165,MATH102,COMPLEX NUMBERS & VECTORS,3,B,3,9,3.14,
21187,MATH208,INTRO TO DISCRETE MATHEMATICS,3,C+,2.5,7.5,3.14,
21209,MATH207,STATISTICS,3,C+,2.5,7.5,3.14,
21231,PHYS241L,GENERAL PHYSICS LAB,0,F,0,0,3.14,
21253,MATH322,LINEAR ALGEBRA 1,3,WP,0,0,3.14,REPEAT
21275,CMPS144,PRINCIPLES OF PROGRAMMING II,3,C+,2.5,7.5,3.14,
21297,PHYS241,GENERAL PHYSICS I,2,A-,3.75,7.5,3.14,
21319,CMPS411,COMPUTER NETWORK SECURITY,3,A-,3.75,11.25,3.14,
21341,CMPS4231,DIGITAL LOGIC & SIGNAL PROCESSING,3,A-,3.75,11.25,3.14,
21363,CMPS4251,COMPUTER AND NETWORK SECURITY,3,A-,3.75,11.25,3.14,
21385,NRMP1014,ENVIRONMENTAL CONSERVATION & DEVELOPMENT,3,B+,3.5,10.5,3.14,
21407,MATH2201,CALCULUS II,3,B+,3.5,10.5,3.14,
21429,CMPS4191,ADVANCED WEB TECHNOLOGIES,3,F,0,0,3.14,
21451,CMPS3012,MANAGEMENT INFORMATION SYSTEM,3,D+,1.5,4.5,3,REPEAT
21473,ENGL2105,COMMUNICATION SKILLS,3,C,2,6,3,
21495,CMPS3012,MANAGEMENT INFORMATION SYSTEM,3,F,0,0,3,REPEAT
21517,CMPS3272,SYSTEMS ENGINEERING,3,D+,1.5,4.5,3,REPEAT
21539,MATH2201,CALCULUS II,3,C+,2.5,7.5,3,
21561,CMPS3131,ADVANCED GUI PROGRAMMING,3,D+,1.5,4.5,3,REPEAT
21583,CMPS3232,SYSTEMS ADMINISTRATION,3,C+,2.5,7.5,3,
21605,MGMT466,PUBLIC ADMINISTRATION & POLICY,3,B+,3.5,10.5,3,
21627,MGMT475,PRODUCTION & OPERATIONS MANAGEMENT,3,A-,3.75,11.25,3,
21649,FNAN332,FINANCIAL MANAGEMENT,3,C+,2.5,7.5,3,
21671,MATH340,BUSINESS CALCULUS,3,C+,2.5,7.5,3,
21693,ECON433,MANAGERIAL ECONOMICS,3,C+,2.5,7.5,3,
21715,ACTG303,PRINCIPLES OF MANAGERIAL ACCOUNTING,3,B+,3.5,10.5,3,
21737,MGMT320,INTERNATIONAL BUSINESS,3,B,3,9,3,
21759,MGMT398,SOCIO-ECONOMIC DEVELOPMENT,3,C+,2.5,7.5,3,
21781,MATH339,FINITE MATH,3,C+,2.5,7.5,3,
21803,MGMT373,HUMAN RESOURCE MANAGEMENT,3,C+,2.5,7.5,3,
21825,FNAN221,PRINCIPLES OF FINANCE,3,C+,2.5,7.5,3,
21847,MGMT411,SMALL BUSINESS MANAGEMENT,3,B,3,9,3,
21869,CMPS3151,TELECOMMUNICATION,3,W,0,0,3,
21891,CMPS3111,PROGRAMMING LANGUAGES,3,D,1,3,3,
21913,MATH3151,LINEAR ALGEBRA,3,D,1,3,3,
21935,CMPS2232,OBJECT ORIENTED SYSTEM DEVELOPMENT,3,C+,2.5,7.5,3,
21957,CMPS3131,ADVANCED GUI PROGRAMMING,3,D+,1.5,4.5,3,
21979,MATH3251,CALCULUS III,3,D+,1.5,4.5,3,
22001,CMPS3141,HUMAN COMPUTER INTERFACE,3,D,1,3,3,
22023,CMPS3171,NETWORK DESIGN,3,F,0,0,3,
22045,MATH101,ALGEBRA 1,3,WF,0,0,3,
22067,PHYS241,GENERAL PHYSICS I,2,RE,0,0,3,
22089,MATH322,LINEAR ALGEBRA 1,3,RE,0,0,3,
22111,CMPS256,OPERATING SYSTEMS,3,D+,1.5,4.5,3,
22133,PHYS241L,GENERAL PHYSICS LAB,1,RE,0,0,1.7,
22155,CMPS321,TELECOMMUNICATIONS SYSTEMS,3,RE,0,0,1.7,
22177,PHYS241L,GENERAL PHYSICS LAB,1,WP,0,0,1.7,
22199,MATH333,CALCULUS III,3,RE,0,0,1.7,
22221,CMPS314,ALGORITHMS,3,WF,0,0,1.7,
22243,SPAN101,LEVEL 1 BEGINNING SPANISH,3,B+,3.5,10.5,1.7,
22265,PHYS241L,GENERAL PHYSICS LAB,1,F,0,0,1.7,
22287,CMPS413,ADVANCED WEB TECHNOLOGIES,3,WP,0,0,1.7,
22309,CMPS4131,SOFTWARE ENGINEERING,3,A-,3.75,11.25,1.7,
22331,CMPS4991,SENIOR SEMINAR IN INFORMATION TECHNOLOGY,3,C,2,6,1.7,
22353,EDUC3302,INSTRUCTIONAL TECHNIQUES,3,A-,3.75,11.25,2.65,
22375,CMPS4191,ADVANCED WEB TECHNOLOGIES,3,C,2,6,2.65,
22397,SPED3111,INTRODUCTION TO SPECIAL EDUCATION,3,B,3,9,2.65,
22419,CMPS2191,NETWORKING 1,3,B,3,9,2.65,
22441,MATH1201,TRIGONOMETRY,3,D,1,3,2.65,
22463,MATH1151,ALGEBRA,3,C+,2.5,7.5,2.65,
22485,PSYC221,INTRO TO PSYCHOLOGY,3,F,0,0,2.65,REPEAT
22507,CMPS140,INTRODUCTION TO COMPUTER STUDIES,3,C+,2.5,7.5,2.65,
22529,CMPS1212,BASIC PC REPAIR,3,C+,2.5,7.5,2.65,
22551,EDUC3552,ADOLESCENT PSYCHOLOGY,3,C+,2.5,7.5,2.65,
22573,CMPS2171,DATABASE MANAGEMENT SYSTEMS I,3,C,2,6,2.65,
22595,CMPS1131,PROGRAMMING I,3,D,1,3,2.65,
22617,SPAN1015,LEVEL 1 BEGINNERS SPANISH,3,A-,3.75,11.25,2.65,
22639,ENGL112,COLLEGE ENGLISH II,3,B,3,9,2.65,
22661,MATH121,INTERMEDIATE ALGEBRA,3,B,3,9,2.65,
22683,MGMT101,APPLIED MANAGEMENT I,3,B,3,9,2.65,
22705,EDUC222,TEACHING METHODS,3,A-,3.75,11.25,2.65,
22727,PHIL210,ETHICS,3,C,2,6,2.65,
22749,CMPS2111,SYSTEMS ANALYSIS,3,C,2,6,2.65,
22771,CMPS1232,PRINCIPLES OF PROGRAMMING II,3,F,0,0,2.65,
22793,RSCH2014,RESEARCH METHODS,3,A-,3.75,11.25,2.65,
22815,CMPS3162,ADVANCED DATABASES,3,A-,3.75,11.25,2.65,
22837,ENGL1035,THE COMPOSING PROCESS,3,,,,2.65,
22859,SPAN2015,LEVEL 3 INTERMEDIATE SPANISH,3,A,4,12,2.65,
22881,PHIL1014,ETHICS,3,B,3,9,2.65,
22903,MATH3251,CALCULUS III,3,B+,3.5,10.5,2.65,
22925,MATH3251,CALCULUS III,3,,,,2.65,
22947,CMPS3012,MANAGEMENT INFORMATION SYSTEM,3,C+,2.5,7.5,2.65,
22969,CMPS360,MANAGEMENT INFORMATION SYSTEM,3,W,0,0,2.65,REPEAT
22991,CMPS213,BASIC PC REPAIR,3,D+,1.5,4.5,2.65,
23013,MATH104,CALCULUS I,3,D,1,3,2.65,
23035,MGMT3015,ORGANIZATIONAL BEHAVIOR,3,A-,3.75,11.25,2.65,
23057,CMPS144,PRINCIPLES OF PROGRAMMING II,3,D,1,3,2.65,
23079,SPAN201,LEVEL 3 INTERMEDIATE SPANISH,3,B+,3.5,10.5,2.65,
23101,MATH203,CALCULUS II,3,RE,0,0,2.65,
23123,CMPS156,DATA STRUCTURES,3,RE,0,0,2.65,
23145,CMPS4191,ADVANCED WEB TECHNOLOGIES,3,B,3,9,2.65,
23167,CMPS4181,MOBILE APPLICATION DEVELOPMENT,3,B,3,9,2.65,
23189,CMPS4111,DATABASE MANAGEMENT SYSTEMS II,3,A-,3.75,11.25,2.65,
23211,ENGL112,COLLEGE ENGLISH II,3,A-,3.75,11.25,2.65,
23233,CMPS140,INTRODUCTION TO COMPUTER STUDIES,3,B+,3.5,10.5,2.65,
23255,ENGL111,COLLEGE ENGLISH I,3,A,4,12,2.65,
23277,NRMP101,ENVIRON. CONSERV & DEVELOPMENT I,3,B+,3.5,10.5,2.65,
23299,ENGL1025,COLLEGE ENGLISH II,3,B,3,9,2.65,
23321,CMPS3272,SYSTEMS ENGINEERING,3,D,1,3,2.65,REPEAT
23343,CMPS4251,COMPUTER AND NETWORK SECURITY,3,D+,1.5,4.5,2.65,
23365,CMPS3232,SYSTEMS ADMINISTRATION,3,RE,0,0,2.65,
23387,CMPS4191,ADVANCED WEB TECHNOLOGIES,3,RE,0,0,2.65,
23409,PSYC342,ADOLESCENT PSYCHOLOGY,3,A-,3.75,11.25,2.65,
23431,PSYC221,INTRO TO PSYCHOLOGY,3,F,0,0,2.65,
23453,GSTU101,STUDY SKILLS,1,F,0,0,2.65,
23475,SPAN202,LEVEL 4 HIGH-INTERMEDIATE SPANISH,3,A,4,12,2.65,
23497,CMPS3272,SYSTEMS ENGINEERING,3,D+,1.5,4.5,2.65,
23519,MGMT3015,ORGANIZATIONAL BEHAVIOR,3,F,0,0,2.65,
23541,CMPS3252,ALGORITHMS,3,D,1,3,2.65,
23563,CMPS242,GUI PROGRAMMING,3,C+,2.5,7.5,2.65,
23585,CMCN209,COMMUNICATION SKILLS,3,C,2,6,2.65,
23607,CMPS144,PRINCIPLES OF PROGRAMMING II,3,D+,1.5,4.5,2.65,
23629,CMPS317,ADVANCED GUI DEVELOPMENT,3,D+,1.5,4.5,2.65,
23651,CMPS413,ADVANCED WEB TECHNOLOGIES,3,F,0,0,2.65,
23673,CMPS318,ADVANCED PC REPAIR,3,B,3,9,2.65,REPEAT
23695,CMPS321,TELECOMMUNICATIONS SYSTEMS,3,A,4,12,2.65,
23717,CMPS4151,NETWORK ENGINEERING,3,A,4,12,2.65,
23739,CMPS4191,ADVANCED WEB TECHNOLOGIES,3,RE,0,0,3.27,REPEAT
23761,CMPS3012,MANAGEMENT INFORMATION SYSTEM,3,C,2,6,3.27,
23783,CMPS3131,ADVANCED GUI PROGRAMMING,3,RE,0,0,3.27,
23805,CMPS3272,SYSTEMS ENGINEERING,3,RE,0,0,3.27,REPEAT
23827,CMPS3111,PROGRAMMING LANGUAGES,3,WF,0,0,3.27,
23849,CMPS3272,SYSTEMS ENGINEERING,3,F,0,0,3.27,REPEAT
23871,CMPS3272,SYSTEMS ENGINEERING,3,F,0,0,3.27,
23893,PHYS241L,GENERAL PHYSICS LAB,1,A-,3.75,3.75,3.27,
23915,CMPS4151,NETWORK ENGINEERING,3,F,0,0,3.27,
23937,CMPS4211,ADVANCED PC REPAIR,3,C,2,6,3.27,
23959,PHYS241L,GENERAL PHYSICS LAB,1,A,4,4,3.27,
23981,CMPS1131,PROGRAMMING I,3,C+,2.5,7.5,3.27,
24003,CMPS2171,DATABASE MANAGEMENT SYSTEMS I,3,D,1,3,3.27,
24025,MATH2201,CALCULUS II,3,D,1,3,3.27,
24047,CMPS3012,MANAGEMENT INFORMATION SYSTEM,3,D+,1.5,4.5,3.27,
24069,CMPS3151,TELECOMMUNICATION,3,D+,1.5,4.5,3.27,
24091,MATH322,LINEAR ALGEBRA 1,3,WP,0,0,3.27,
24113,PHYS241L,GENERAL PHYSICS LAB,1,B,3,3,3.27,
24135,PHYS241,GENERAL PHYSICS I,3,D+,1.5,4.5,3.27,REPEAT
24157,CMPS2252,OPERATING SYSTEMS,3,C+,2.5,7.5,3.27,
24179,CMPS3252,ALGORITHMS,3,A-,3.75,11.25,3.27,
24201,ACTG1054,PRINCIPLES OF ACCOUNTING II,3,A,4,12,3.27,
24223,CMPS3272,SYSTEMS ENGINEERING,3,WF,0,0,3.27,REPEAT
24245,MATH2201,CALCULUS II,3,RE,0,0,3.27,
24267,CMPS1131,PROGRAMMING I,3,W,0,0,3.27,
24289,MGMT1014,FUNDAMENTALS OF MANAGEMENT,3,F,0,0,3.27,
24311,CMPS1134,FUNDAMENTALS OF COMPUTING,3,C,2,6,3.27,
24333,SPAN1025,LEVEL 2 LOWER-INTERMEDIATE SPANISH,3,B+,3.5,10.5,3.27,
24355,ENGL2105,COMMUNICATION SKILLS,3,F,0,0,3.27,
24377,ENGL1035,THE COMPOSING PROCESS,3,D,1,3,3.27,
24399,PHYS241,GENERAL PHYSICS I,2,C+,2.5,5,3.27,
24421,CMPS4151,NETWORK ENGINEERING,3,A-,3.75,11.25,3.1,
24443,CMPS142,PRINCIPLES OF PROGRAMMING I,3,WF,0,0,3.1,
24465,CMPS213,BASIC PC REPAIR,3,WP,0,0,3.1,
24487,PSYC221,INTRO TO PSYCHOLOGY,3,WF,0,0,3.1,
24509,CMPS140,INTRODUCTION TO COMPUTER STUDIES,3,B,3,9,3.1,
24531,ENGL090,DEVELOPMENTAL ENGLISH,0,P,0,0,3.1,
24553,CMPS3012,MANAGEMENT INFORMATION SYSTEM,3,C+,2.5,7.5,3.1,REPEAT
24575,CMPS2171,DATABASE MANAGEMENT SYSTEMS I,3,B,3,9,3.1,
24597,CMPS4211,ADVANCED PC REPAIR,3,A-,3.75,11.25,3.1,
24619,ENGL1025,COLLEGE ENGLISH II,3,C,2,6,3.1,
24641,MATH1151,ALGEBRA,3,B,3,9,3.1,
24663,CMPS3012,MANAGEMENT INFORMATION SYSTEM,3,A,4,12,3.1,
24685,CMPS3131,ADVANCED GUI PROGRAMMING,3,A,4,12,3.1,
24707,CMPS4181,MOBILE APPLICATION DEVELOPMENT,3,A-,3.75,11.25,3.1,
24729,CMPS1131,PROGRAMMING I,3,B,3,9,3.1,
24751,PHYS1015,GENERAL PHYSICS I,3,C,2,6,3.1,
24773,CMPS1232,PRINCIPLES OF PROGRAMMING II,3,D,1,3,3.1,REPEAT
24795,CMPS2191,NETWORKING 1,3,B+,3.5,10.5,3.1,
24817,CMPS4191,ADVANCED WEB TECHNOLOGIES,3,W,0,0,3.1,
24839,CMPS1232,PRINCIPLES OF PROGRAMMING II,3,B+,3.5,10.5,3.1,
24861,CMPS2171,DATABASE MANAGEMENT SYSTEMS I,3,A-,3.75,11.25,3.1,
24883,CMPS2252,OPERATING SYSTEMS,3,D+,1.5,4.5,3.1,
24905,EDUC3552,ADOLESCENT PSYCHOLOGY,3,B+,3.5,10.5,3.1,
24927,EDUC3141,INTRODUCTION TO CURRICULUM DEVELOPMENT,3,A,4,12,3.1,
24949,EDUC4256,MEASUREMENT AND EVALUATION,3,A,4,12,3.1,
24971,EDUC4153,PROFESSIONALISM IN EDUCATION,3,B+,3.5,10.5,3.1,
24993,EDUC3403,PSYCHOLOGY OF LEARNING,3,A-,3.75,11.25,3.1,
25015,EDUC3454,INSTRUCTIONAL TECHNOLOGY,3,A,4,12,3.1,
25037,MATH1302,CALCULUS I,3,D+,1.5,4.5,3.1,
25059,MATH203,CALCULUS II,3,A,4,12,3.1,
25081,PHYS1015,GENERAL PHYSICS I,3,RE,0,0,3.1,
25103,MGMT3015,ORGANIZATIONAL BEHAVIOR,3,RE,0,0,3.1,
25125,FNAN2014,PRINCIPLES OF FINANCE,3,B+,3.5,10.5,3.1,
25147,MKTG2015,PRINCIPLES OF MARKETING,3,C+,2.5,7.5,1.69,
25169,ACTG1014,PRINCIPLES OF ACCOUNTING I,3,WF,0,0,1.69,
25191,PHYS1015L,GENERAL PHYSICS I LAB,1,RE,0,0,1.69,
25213,CMPS2992,PROJECT,3,A,4,12,1.69,
25235,MATH3151,LINEAR ALGEBRA,0,A-,0,0,1.69,
25257,MATH2151,STATISTICS I,3,B+,3.5,10.5,1.69,
25279,CMPS3111,PROGRAMMING LANGUAGES,3,A-,3.75,11.25,1.69,
25301,PHYS1015L,GENERAL PHYSICS I LAB,1,B,3,3,1.69,
25323,ENGL3155,TECHNICAL WRITING,3,C+,2.5,7.5,1.69,
25345,CMPS2191,NETWORKING 1,3,A-,3.75,11.25,1.69,
25367,CMPS3012,MANAGEMENT INFORMATION SYSTEM,3,D,1,3,1.69,REPEAT
25389,HIST201,BELIZEAN HISTORY,3,F,0,0,3.29,
25411,SPAN201,LEVEL 3 INTERMEDIATE SPANISH,3,B,3,9,3.29,
25433,MAT103,TRIGONOMETRY 1,3,RE,0,0,3.29,
25455,CMPS157,SYSTEM ANALYSIS,3,RE,0,0,3.29,
25477,PHYS241,GENERAL PHYSICS I,2,B+,3.5,7,3.29,
25499,SPAN1015,LEVEL 1 BEGINNERS SPANISH,3,A,4,12,3.29,
25521,MAT103,TRIGONOMETRY 1,3,A-,3.75,11.25,3.29,
25543,HIST1014,INTRODUCTION TO BELIZEAN HISTORY,3,B,3,9,3.29,
25565,CMPS2252,OPERATING SYSTEMS,3,B+,3.5,10.5,3.29,
25587,CMPS144,PRINCIPLES OF PROGRAMMING II,3,W,0,0,3.29,REPEAT
25609,CMPS2232,OBJECT ORIENTED SYSTEM DEVELOPMENT,3,D+,1.5,4.5,3.29,REPEAT
25631,CMPS2151,WEB DEVELOPMENT,3,A,4,12,3.29,
25653,CMPS2212,GUI PROGRAMMING,3,B+,3.5,10.5,3.29,
25675,MATH2201,CALCULUS II,3,A-,3.75,11.25,3.29,
25697,CMPS4181,MOBILE APPLICATION DEVELOPMENT,3,B+,3.5,10.5,3.29,
25719,CMPS1134,FUNDAMENTALS OF COMPUTING,3,A,4,12,3.29,
25741,MGMT3015,ORGANIZATIONAL BEHAVIOR,3,A,4,12,3.29,
25763,CMPS2232,OBJECT ORIENTED SYSTEM DEVELOPMENT,3,B,3,9,3.29,
25785,MGMT1014,FUNDAMENTALS OF MANAGEMENT,3,A,4,12,1.76,
25807,CMPS1134,FUNDAMENTALS OF COMPUTING,3,B+,3.5,10.5,1.76,
25829,MATH1302,CALCULUS I,3,RE,0,0,1.76,
25851,MATH1201,TRIGONOMETRY,3,C+,2.5,7.5,1.76,
25873,MGMT1014,FUNDAMENTALS OF MANAGEMENT,3,B,3,9,1.76,
25895,SPAN1025,LEVEL 2 LOWER-INTERMEDIATE SPANISH,3,B,3,9,1.76,
25917,CMPS1232,PRINCIPLES OF PROGRAMMING II,3,RE,0,0,1.76,
25939,CMPS1134,FUNDAMENTALS OF COMPUTING,3,B,3,9,1.76,
25961,CMPS3232,SYSTEMS ADMINISTRATION,3,D+,1.5,4.5,1.76,
25983,MATH1201,TRIGONOMETRY,3,B,3,9,1.76,
26005,CMPS4175,ROUTING AND SWITCHING,3,C,2,6,1.76,
26027,CMPS1211,HARDWARE FUNDAMENTALS,3,A,4,12,1.76,
26049,CMPS2242,SYSTEMS PROGRAMMING & COMPUTER ORGANIZATION,3,W,0,0,1.76,
26071,CMPS140,INTRODUCTION TO COMPUTER STUDIES,3,F,0,0,1.76,
26093,ENGL111,COLLEGE ENGLISH I,3,F,0,0,1.76,
26115,MATH101,ALGEBRA 1,3,,,,3.09,
26137,HIST1014,INTRODUCTION TO BELIZEAN HISTORY,3,B+,3.5,10.5,3.09,
26159,MATH3151,LINEAR ALGEBRA,3,A,4,12,3.09,
26181,SPAN201,LEVEL 3 INTERMEDIATE SPANISH,3,A-,3.75,11.25,3.09,
26203,CMPS3151,TELECOMMUNICATION,3,D,1,3,3.09,
26225,PHYS241L,GENERAL PHYSICS LAB,1,B+,3.5,3.5,3.09,
26247,SPAN201,LEVEL 3 INTERMEDIATE SPANISH,3,C+,2.5,7.5,3.09,
26269,CMPS1134,FUNDAMENTALS OF COMPUTING,3,C+,2.5,7.5,3.09,
26291,CMPS4111,DATABASE MANAGEMENT SYSTEMS II,3,D+,1.5,4.5,3.09,
26313,MGMT304,DYNAMICS OF ORG. BEHAVIOUR,3,C+,2.5,7.5,3.09,
26335,CMPS2131,DATA STRUCTURES,3,D,1,3,3.09,REPEAT
26357,CMPS3272,SYSTEMS ENGINEERING,3,WP,0,0,3.09,
26379,SOCL221,INTRODUCTION TO SOCIOLOGY,3,C,2,6,3.09,
26401,MATH1151,ALGEBRA,3,B+,3.5,10.5,3.09,
26423,PHIL1014,ETHICS,3,B+,3.5,10.5,3.09,
26445,CMPS1014,INTRODUCTION TO COMPUTER STUDIES,3,C,2,6,3.09,
26467,ENGL1014,COLLEGE ENGLISH I,3,A-,3.75,11.25,3.09,
26489,CMPS3232,SYSTEMS ADMINISTRATION,3,A,4,12,3.09,
26511,CMPS2131,DATA STRUCTURES,3,A-,3.75,11.25,3.09,
26533,CMPS4191,ADVANCED WEB TECHNOLOGIES,3,F,0,0,3.09,REPEAT
26555,PHIL1014,ETHICS,3,A-,3.75,11.25,3.09,
26577,MATH3151,LINEAR ALGEBRA,3,RE,0,0,3.09,REPEAT
26599,MATH1302,CALCULUS I,3,A,4,12,3.09,
26621,MATH2201,CALCULUS II,3,W,0,0,3.09,
26643,EDUC3552,ADOLESCENT PSYCHOLOGY,3,A-,3.75,11.25,3.09,
26665,EDUC4256,MEASUREMENT AND EVALUATION,3,B+,3.5,10.5,3.09,
26687,MGMT101,APPLIED MANAGEMENT I,3,,,,3.09,
26709,MATH1151,ALGEBRA,3,A-,3.75,11.25,3.56,
26731,PHYS1015,GENERAL PHYSICS I,3,B,3,9,3.56,
26753,CMPS1014,INTRODUCTION TO COMPUTER STUDIES,3,A,4,12,3.56,
26775,CMPS1212,BASIC PC REPAIR,3,A,4,12,3.56,
26797,MATH1201,TRIGONOMETRY,3,A,4,12,3.56,
26819,CMPS3252,ALGORITHMS,3,RE,0,0,3.56,REPEAT
26841,PHYS1015L,GENERAL PHYSICS I LAB,1,A-,3.75,3.75,3.56,
26863,ENGL1014,COLLEGE ENGLISH I,3,B,3,9,3.56,
26885,HIST1014,INTRODUCTION TO BELIZEAN HISTORY,3,A-,3.75,11.25,3.56,
26907,SPAN1015,LEVEL 1 BEGINNERS SPANISH,3,C,2,6,3.56,
26929,MGMT1014,FUNDAMENTALS OF MANAGEMENT,3,F,0,0,3.56,REPEAT
26951,CMPS3232,SYSTEMS ADMINISTRATION,3,WF,0,0,3.56,REPEAT
26973,CMPS1232,PRINCIPLES OF PROGRAMMING II,3,WF,0,0,3.56,
26995,PSYC1014,INTRODUCTION TO PSYCHOLOGY,3,C+,2.5,7.5,3.56,
27017,MATH1151,ALGEBRA,3,F,0,0,3.56,
27039,HIST1014,INTRODUCTION TO BELIZEAN HISTORY,3,C+,2.5,7.5,3.56,
27061,CMPS1134,FUNDAMENTALS OF COMPUTING,3,WF,0,0,3.56,
27083,CMPS1014,INTRODUCTION TO COMPUTER STUDIES,3,C+,2.5,7.5,3.38,
27105,CMPS2131,DATA STRUCTURES,3,WP,0,0,3.38,
27127,EDUC3141,INTRODUCTION TO CURRICULUM DEVELOPMENT,3,A-,3.75,11.25,3.38,
27149,EDUC3451,PHILOSOPHY OF EDUCATION,3,A,4,12,3.38,
27171,CMPS2111,SYSTEMS ANALYSIS,3,B+,3.5,10.5,3.38,
27193,CMPS3232,SYSTEMS ADMINISTRATION,3,B,2,6,3.38,
27215,CMPS4175,ROUTING AND SWITCHING,3,B+,3,9,3.38,
27237,CMPS2131,DATA STRUCTURES,3,B+,3.5,10.5,3.38,
27259,CMPS2212,GUI PROGRAMMING,3,A,4,12,3.38,
27281,PHYS1015,GENERAL PHYSICS I,3,B+,3.5,10.5,3.38,
27303,CMPS2232,OBJECT ORIENTED SYSTEM DEVELOPMENT,3,A-,3.75,11.25,3.38,
27325,MATH3251,CALCULUS III,3,W,0,0,3.38,
27347,CMPS2992,PROJECT,3,B+,3.5,10.5,3.38,
27369,CMPS4181,MOBILE APPLICATION DEVELOPMENT,3,C+,2.5,7.5,3.38,
27391,CMPS4251,COMPUTER AND NETWORK SECURITY,3,D+,1.5,4.5,3.38,REPEAT
27413,CMPS2151,WEB DEVELOPMENT,3,D,1,3,3.38,REPEAT
27435,CMPS2151,WEB DEVELOPMENT,3,B+,3.5,10.5,3.38,
27457,SPAN1025,LEVEL 2 LOWER-INTERMEDIATE SPANISH,3,A,4,12,3.38,
27479,CMPS3272,SYSTEMS ENGINEERING,3,A-,3.75,11.25,3.55,
27501,MATH3251,CALCULUS III,3,WF,0,0,3.55,REPEAT
27523,CMPS3162,ADVANCED DATABASES,3,B,3,9,3.55,
27545,MATH3282,ALGORITHMS AND COMPUTATION,4,C,2,8,3.55,
27567,CMPS3252,ALGORITHMS,3,D+,1.5,4.5,3.55,
27589,ENGL2105,COMMUNICATION SKILLS,3,D+,1.5,4.5,3.55,
27611,CMPS4231,DIGITAL LOGIC & SIGNAL PROCESSING,3,D+,1.5,4.5,3.55,
27633,CMPS2111,SYSTEMS ANALYSIS,3,A-,3.75,11.25,3.55,
27655,MATH1201,TRIGONOMETRY,3,C,2,6,3.55,
27677,CMPS1232,PRINCIPLES OF PROGRAMMING II,3,A-,3.75,11.25,3.55,
27699,CMPS3012,MANAGEMENT INFORMATION SYSTEM,3,WP,0,0,3.55,REPEAT
27721,MATH1302,CALCULUS I,3,AU,0,0,3.55,
27743,CMPS1131,PROGRAMMING I,3,A,4,12,3.55,
27765,CMPS2131,DATA STRUCTURES,3,A,4,12,3.55,
27787,CMPS4151,NETWORK ENGINEERING,3,WF,0,0,3.55,REPEAT
27809,PHYS1015,GENERAL PHYSICS I,3,WF,0,0,3.55,REPEAT
27831,PHYS1015,GENERAL PHYSICS I,3,D+,1.5,4.5,3.55,REPEAT
27853,CMPS2171,DATABASE MANAGEMENT SYSTEMS I,3,C+,2.5,7.5,3.79,
27875,CMPS2171,DATABASE MANAGEMENT SYSTEMS I,3,D,1,3,3.79,REPEAT
27897,MATH2201,CALCULUS II,3,W,,,3.79,
27919,CMPS1232,PRINCIPLES OF PROGRAMMING II,3,D,1,3,3.79,
27941,CMPS3151,TELECOMMUNICATION,3,WF,0,0,3.79,REPEAT
27963,CMPS3252,ALGORITHMS,3,WF,0,0,3.79,REPEAT
27985,CMPS4181,MOBILE APPLICATION DEVELOPMENT,3,A-,0,0,3.79,
28007,CMPS4251,COMPUTER AND NETWORK SECURITY,3,A,4,12,3.79,
28029,EPHY2153,PHYSICAL EDUCATION FOR THE PRIMARY GRADES,3,A-,3.75,11.25,3.79,
28051,CMPS2992,PROJECT,3,C+,2.5,7.5,3.79,
28073,PHYS1015L,GENERAL PHYSICS I LAB,1,F,0,0,3.79,
28095,CMPS1014,INTRODUCTION TO COMPUTER STUDIES,3,A-,3.75,11.25,3.79,
28117,PHYS1015,GENERAL PHYSICS I,3,A,4,12,3.79,
28139,CMPS1192,NETWORKING FUNDAMENTALS,3,B+,3.5,10.5,3.79,
28161,CMPS1171,INTRODUCTION TO DATABASES,3,B+,3.5,10.5,3.79,
28183,CMPS3141,HUMAN COMPUTER INTERFACE,3,B+,3.5,10.5,3.79,
28205,MGMT1014,FUNDAMENTALS OF MANAGEMENT,3,A-,3.75,11.25,3.79,
28227,CMPS4131,SOFTWARE ENGINEERING,3,D,1,3,3.74,REPEAT
28249,CMPS3171,NETWORK DESIGN,3,A-,3.75,11.25,3.74,
28271,MATH1201,TRIGONOMETRY,3,WP,0,0,3.74,
28293,ENGL3155,TECHNICAL WRITING,3,D+,1.5,4.5,3.74,
28315,CMPS1134,FUNDAMENTALS OF COMPUTING,3,F,0,0,3.74,
28337,SOCL1014,INTRODUCTION TO SOCIOLOGY,3,C,2,6,3.74,
28359,SPAN2015,LEVEL 3 INTERMEDIATE SPANISH,3,B,3,9,3.74,
28381,CMPS3162,ADVANCED DATABASES,3,C,2,6,3.74,
28403,CMPS4252,DIGITAL LOGIC AND DESIGN,3,C,2,6,3.74,
28425,PHYS1015L,GENERAL PHYSICS I LAB,1,B+,3.5,3.5,3.74,
28447,CMPS3141,HUMAN COMPUTER INTERFACE,3,D+,1.5,4.5,3.74,REPEAT
28469,CMPS3171,NETWORK DESIGN,3,B+,3.5,10.5,3.74,
28491,CMPS4175,ROUTING AND SWITCHING,3,A-,3.75,11.25,3.74,
28513,CMPS3111,PROGRAMMING LANGUAGES,3,WP,0,0,3.74,REPEAT
28535,CMPS3272,SYSTEMS ENGINEERING,3,D,1,3,3.74,
28557,CMPS4131,SOFTWARE ENGINEERING,3,AU,0,0,3.74,
28579,MATH3251,CALCULUS III,3,AU,0,0,3.74,
28601,SPAN1015,LEVEL 1 BEGINNERS SPANISH,3,C+,2.5,7.5,3.02,
28623,CMPS4175,ROUTING AND SWITCHING,3,A-,3.5,10.5,3.02,
28645,SOCL1014,INTRODUCTION TO SOCIOLOGY,3,D+,1.5,4.5,3.02,
28667,HIST1014,INTRODUCTION TO BELIZEAN HISTORY,3,A,4,12,3.02,
28689,SOCL1014,INTRODUCTION TO SOCIOLOGY,3,A-,3.75,11.25,3.02,
28711,PHYS1015,GENERAL PHYSICS I,3,WP,0,0,3.02,REPEAT
28733,CMPS1014,INTRODUCTION TO COMPUTER STUDIES,3,B+,3.5,10.5,3.02,
28755,SPAN1015,LEVEL 1 BEGINNERS SPANISH,3,B,3,9,3.02,
28777,CMPS2131,DATA STRUCTURES,3,WF,0,0,3.02,
28799,SOCL1014,INTRODUCTION TO SOCIOLOGY,3,B+,3.5,10.5,3.02,
28821,CMPS4151,NETWORK ENGINEERING,3,D,1,3,3.02,REPEAT
28843,CMPS4231,DIGITAL LOGIC & SIGNAL PROCESSING,3,D+,0,0,3.02,
28865,CMPS1212,BASIC PC REPAIR,3,W,0,0,3.02,REPEAT
28887,CMPS2151,WEB DEVELOPMENT,3,,,,3.02,
28909,CMPS1211,HARDWARE FUNDAMENTALS,3,A-,3.75,11.25,3.02,
28931,CMPS1212,BASIC PC REPAIR,3,RE,0,0,3.02,REPEAT
28953,CMPS2212,GUI PROGRAMMING,3,RE,0,0,3.02,REPEAT
28975,SPAN2015,LEVEL 3 INTERMEDIATE SPANISH,3,B+,3.5,10.5,3.02,
28997,ENGL3155,TECHNICAL WRITING,3,RE,0,0,3.02,REPEAT
29019,CMPS2212,GUI PROGRAMMING,3,F,0,0,3.02,REPEAT
29041,MGMT1014,FUNDAMENTALS OF MANAGEMENT,3,C,2,6,2.8,
29063,SPAN1025,LEVEL 2 LOWER-INTERMEDIATE SPANISH,3,C+,2.5,7.5,2.8,
29085,CMPS4992,PROFESSIONAL PRACTICE,12,D,1,12,2.8,
29107,PHYS1015,GENERAL PHYSICS I,3,F,0,0,2.8,REPEAT
29129,PHYS1015,GENERAL PHYSICS I,3,D,1,3,2.8,
29151,RSCH2014,RESEARCH METHODS,3,C,2,6,2.8,
29173,PHIL1014,ETHICS,3,,,,2.8,
29195,CMPS4252,DIGITAL LOGIC AND DESIGN,3,B+,3.5,10.5,2.8,
29217,SPAN2015,LEVEL 3 INTERMEDIATE SPANISH,3,,,,2.8,
29239,ENGL1025,COLLEGE ENGLISH II,3,B+,3.5,10.5,2.8,
29261,CMPS1232,PRINCIPLES OF PROGRAMMING II,3,A,4,12,2.8,
29283,CMPS2171,DATABASE MANAGEMENT SYSTEMS I,3,A,4,12,2.8,
29305,CMPS2191,NETWORKING 1,3,A,4,12,2.8,
29327,BCOM2014,BUSINESS COMMUNICATION,3,B+,3.5,10.5,2.8,
29349,ECON2014,PRINCIPLES OF ECONOMICS (MACRO),3,B+,3.5,10.5,2.8,
29371,MATH2201,CALCULUS II,3,WF,0,0,2.8,REPEAT
29393,ECON2054,PRINCIPLES OF ECONOMICS (MICRO),3,B+,3.5,10.5,2.8,
29415,MATH1151,ALGEBRA,3,D,1,3,2,REPEAT
29437,CMPS4251,COMPUTER AND NETWORK SECURITY,3,D,1,3,2,
29459,CMPS3232,SYSTEMS ADMINISTRATION,3,WP,0,0,2.67,
29481,CMPS4181,MOBILE APPLICATION DEVELOPMENT,3,C,2,6,2.67,
29503,CMPS3232,SYSTEMS ADMINISTRATION,3,W,0,0,2.67,REPEAT
29525,CMPS4231,DIGITAL LOGIC & SIGNAL PROCESSING,3,WP,0,0,2.67,
29547,ECON2014,PRINCIPLES OF ECONOMICS (MACRO),3,B,3,9,2.67,
29569,CMPS2252,OPERATING SYSTEMS,3,W,0,0,2.67,REPEAT
29591,CMPS3272,SYSTEMS ENGINEERING,3,WF,0,0,2.67,
29613,ENGL2105,COMMUNICATION SKILLS,3,D,1,3,2.67,REPEAT
29635,CMPS1024,COMPUTER BUSINESS APPLICATIONS,3,B,3,9,2.67,
29657,CMPS4151,NETWORK ENGINEERING,3,D+,1.5,4.5,2.67,REPEAT
29679,CMPS2252,OPERATING SYSTEMS,3,F,0,0,2.67,
29701,CMPS2212,GUI PROGRAMMING,3,W,0,0,2.67,
29723,CMPS2111,SYSTEMS ANALYSIS,3,D+,1.5,4.5,2.67,REPEAT
29745,CMPS2111,SYSTEMS ANALYSIS,3,W,0,0,2.67,REPEAT
29767,CMPS2131,DATA STRUCTURES,3,WF,0,0,2.67,REPEAT
29789,CMPS2111,SYSTEMS ANALYSIS,3,C+,2.5,7.5,2.67,
29811,SPAN2025,LEVEL 4 HIGH-INTERMEDIATE SPANISH,3,P,0,0,2.67,
29833,CMPS3131,ADVANCED GUI PROGRAMMING,3,D,1,3,2.67,REPEAT
29855,SPAN1025,LEVEL 2 LOWER-INTERMEDIATE SPANISH,3,C,2,6,2.67,
29877,PLAS0014,SPANISH PLACEMENT EXAM,0,F,0,0,2.67,
29899,PHYS1015,GENERAL PHYSICS I,3,W,0,0,2.67,REPEAT
29921,CMPS2232,OBJECT ORIENTED SYSTEM DEVELOPMENT,3,D,1,3,2.67,
29943,CMPS2212,GUI PROGRAMMING,3,D,1,3,2.67,
29965,CMPS2242,SYSTEMS PROGRAMMING & COMPUTER ORGANIZATION,3,A,4,12,3.31,
29987,CMPS4252,DIGITAL LOGIC AND DESIGN,3,A-,3.75,11.25,3.31,
30009,MATH1151,ALGEBRA,3,WF,0,0,3.31,
30031,PHIL1014,ETHICS,3,D+,1.5,4.5,3.31,
30053,CMPS4175,ROUTING AND SWITCHING,3,B+,3.5,10.5,3.31,
30075,CMPS3012,MANAGEMENT INFORMATION SYSTEM,3,F,0,0,3.31,
30097,HIST1014,INTRODUCTION TO BELIZEAN HISTORY,3,D,1,3,3.31,
30119,MATH2201,CALCULUS II,3,NG,,,3.31,REPEAT
30141,ENGL1035,THE COMPOSING PROCESS,3,B+,3.5,10.5,3.31,
30163,CMPS4111,DATABASE MANAGEMENT SYSTEMS II,3,NG,,,3.31,REPEAT
30185,PHIL1014,ETHICS,3,C,2,6,3.31,
30207,SOCL1014,INTRODUCTION TO SOCIOLOGY,3,D,1,3,3.31,
30229,EDUC3552,ADOLESCENT PSYCHOLOGY,3,A,4,12,3.31,
30251,SOCL1014,INTRODUCTION TO SOCIOLOGY,3,A,4,12,3.31,
30273,CMPS4191,ADVANCED WEB TECHNOLOGIES,3,D+,1.5,4.5,3.75,
30295,MATH1302,CALCULUS I,3,C+,2.5,7.5,3.75,
30317,MATH1302,CALCULUS I,3,D+,1.5,4.5,3.75,REPEAT
30339,CMPS4252,DIGITAL LOGIC AND DESIGN,3,B,3,9,3.75,
30361,ENGL1035,THE COMPOSING PROCESS,3,B,3,9,3.75,
30383,CMPS1171,INTRODUCTION TO DATABASES,3,D,1,3,3.75,
30405,CMPS1192,NETWORKING FUNDAMENTALS,3,C,2,6,3.75,
30427,PLAS0014,SPANISH PLACEMENT EXAM,0,D,0,0,3.75,
30449,CMPS3171,NETWORK DESIGN,3,D,1,3,3.09,REPEAT
30471,ENGL1035,THE COMPOSING PROCESS,3,C,2,6,3.09,
30493,ENGL3155,TECHNICAL WRITING,3,C+,2.5,7.5,3.09,REPEAT
30515,CMPS3111,PROGRAMMING LANGUAGES,3,D,1,3,3.09,REPEAT
30537,RSCH2014,RESEARCH METHODS,3,D+,1.5,4.5,3.09,
30559,CMPS3171,NETWORK DESIGN,3,C,2,6,3.09,
30581,CMPS4232,SYSTEMS ADMINISTRATION,3,C,2,6,3.09,
30603,CMPS4131,SOFTWARE ENGINEERING,3,D+,1.5,4.5,3.09,
30625,MATH3151,LINEAR ALGEBRA,3,RE,0,0,3.09,
30647,MATH3201,FUNDAMENTAL CONCEPTS OF MATH,3,RE,0,0,3.09,
30669,ENGL3155,TECHNICAL WRITING,3,RE,0,0,3.09,
30691,ACTG1014,PRINCIPLES OF ACCOUNTING I,3,RE,0,0,3.09,
30713,CMPS3232,SYSTEMS ADMINISTRATION,3,B+,3,9,3.09,
30735,CMPS4252,DIGITAL LOGIC AND DESIGN,3,C+,2.5,7.5,3.09,
30757,CMPS3162,ADVANCED DATABASES,3,B+,3.5,10.5,3.09,
30779,SPAN2015,LEVEL 3 INTERMEDIATE SPANISH,3,C,2,6,3.09,
30801,CMPS3141,HUMAN COMPUTER INTERFACE,3,W,0,0,3.09,
30823,RSCH2014,RESEARCH METHODS,3,B+,3.5,10.5,3.09,
30845,CMPS4175,ROUTING AND SWITCHING,3,B,3,9,3.09,
30867,CMPS3141,HUMAN COMPUTER INTERFACE,3,A-,3.75,11.25,3.09,
30889,CMPS4081,PRACTICAL ELECTRONICS,3,A,4,12,3.09,
30911,ENGL1035,THE COMPOSING PROCESS,3,A-,3.75,11.25,3.75,
30933,RSCH2014,RESEARCH METHODS,3,D,1,3,3.75,REPEAT
30955,CMPS3151,TELECOMMUNICATION,3,W,0,0,3.75,REPEAT
30977,CMPS3272,SYSTEMS ENGINEERING,3,W,0,0,3.75,REPEAT
30999,PSYC1014,INTRODUCTION TO PSYCHOLOGY,3,A,4,12,3.75,
31021,CMPS2151,WEB DEVELOPMENT,3,C+,2.5,7.5,3.75,
31043,CMPS1131,PROGRAMMING I,3,F,0,0,3.75,
31065,CMPS2131,DATA STRUCTURES,3,W,0,0,3.75,
31087,CMPS2111,SYSTEMS ANALYSIS,3,WF,0,0,3.75,REPEAT
31109,CMPS1171,INTRODUCTION TO DATABASES,3,C,2,6,3.75,
31131,CMPS2171,DATABASE MANAGEMENT SYSTEMS I,3,D+,1.5,4.5,3.75,REPEAT
31153,PLAS0014,SPANISH PLACEMENT EXAM,0,B,0,0,3.75,
31175,PHIL1014,ETHICS,3,A,4,12,3.75,
31197,ENGL1035,THE COMPOSING PROCESS,3,A,4,12,3.75,
31219,SOCL1014,INTRODUCTION TO SOCIOLOGY,3,,,,3.75,
31241,CRTH1014,CRITICAL THINKING,3,A-,3.75,11.25,3.75,
31263,CMPS3252,ALGORITHMS,3,WF,0,0,3.33,
31285,CMPS1131,PROGRAMMING I,3,A-,3.75,11.25,3.33,
31307,MATH1151,ALGEBRA,3,F,0,0,3.33,REPEAT
31329,MATH0014,DEVELOPMENTAL MATH,0,P,0,0,3.33,
31351,CMPS4251,COMPUTER AND NETWORK SECURITY,3,F,0,0,3.33,
31373,MATH1302,CALCULUS I,3,W,0,0,3.33,
31395,CMPS1232,PRINCIPLES OF PROGRAMMING II,3,,,,3.33,
31417,CMPS2151,WEB DEVELOPMENT,3,D+,1.5,4.5,3.33,
31439,PLAS0014,SPANISH PLACEMENT EXAM,0,,,,3.33,
31461,PHIL1014,ETHICS,3,WF,0,0,3.38,REPEAT
31483,CMPS3141,HUMAN COMPUTER INTERFACE,3,F,0,0,3.38,REPEAT
31505,CMPS3162,ADVANCED DATABASES,3,C+,2.5,7.5,3.38,
31527,PHIL1014,ETHICS,3,D,1,3,3.42,REPEAT
31549,PHIL1014,ETHICS,3,D+,1.5,4.5,3.42,REPEAT
31571,CMPS3151,TELECOMMUNICATION,3,C,2,6,3.42,REPEAT
31593,ENGL1035,THE COMPOSING PROCESS,3,C,2,6,3.38,REPEAT
31615,PHIL1014,ETHICS,3,F,0,0,3.38,REPEAT
31637,CMPS2242,SYSTEMS PROGRAMMING & COMPUTER ORGANIZATION,3,B,3,9,3.38,
31659,SPAN2015,LEVEL 3 INTERMEDIATE SPANISH,3,D+,1.5,4.5,3.38,
31681,ENGL3155,TECHNICAL WRITING,3,D,1,3,3.42,
31703,CMPS1191,NETWORKING FUNDAMENTALS,3,A-,3.75,11.25,3.42,
31725,CMPS1232,PRINCIPLES OF PROGRAMMING II,3,AU,0,0,3.38,
31747,CMPS1211,HARDWARE FUNDAMENTALS,3,C+,2.5,7.5,3.38,
31769,PHIL1014,ETHICS,3,D,1,3,3.38,
31791,MATH2151,STATISTICS I,3,A,4,12,3.38,
31813,RSCH2014,RESEARCH METHODS,3,WP,1.5,4.5,3.38,REPEAT
31835,RSCH2014,RESEARCH METHODS,3,A,4,12,3.42,
31857,PHIL1014,ETHICS,3,F,0,0,3.38,
31879,ENGL1035,THE COMPOSING PROCESS,3,F,0,0,3.38,
31901,SPAN2015,LEVEL 3 INTERMEDIATE SPANISH,3,F,0,0,3.38,REPEAT
31923,CMPS4131,SOFTWARE ENGINEERING,3,D,1,3,3.38,
31945,SPAN2015,LEVEL 3 INTERMEDIATE SPANISH,3,,,,3.42,REPEAT
31967,CMPS4175,ROUTING AND SWITCHING,3,F,0,0,,
31989,SPAN1015,LEVEL 1 BEGINNERS SPANISH,3,B+,3.5,10.5,,
32011,CMPS3252,ALGORITHMS,3,WP,0,0,,REPEAT
32033,CMPS2151,WEB DEVELOPMENT,3,C,2,6,,
32055,PSYC1014,INTRODUCTION TO PSYCHOLOGY,3,F,0,0,,
32077,CMPS4131,SOFTWARE ENGINEERING,3,F,0,0,,
32099,CMPS3141,HUMAN COMPUTER INTERFACE,3,D+,1.5,4.5,2.65,
32121,CMPS3162,ADVANCED DATABASES,3,F,0,0,2.65,
32143,PLAM0014,MATH PLACEMENT TEST,0,P,,,2.65,
32165,PLAE0014,ENGLISH PLACEMENT,0,P,,,2.65,
32187,CMPS1014,INTRODUCTION TO COMPUTER STUDIES,3,NG,,,2.65,
32209,PHYS1015L,GENERAL PHYSICS I LAB,1,C,2,2,2.65,
32231,CMPS1131,PROGRAMMING I,3,WF,0,0,2.65,REPEAT
32253,CMPS2171,DATABASE MANAGEMENT SYSTEMS I,3,B+,3.5,10.5,2.65,
32275,CMPS4175,ROUTING AND SWITCHING,3,B,2.5,7.5,2.65,
32297,CMPS2242,SYSTEMS PROGRAMMING & COMPUTER ORGANIZATION,3,C+,2.5,7.5,2.65,
32319,CMPS2992,PROJECT,3,C,2,6,2.65,
32341,CMPS3171,NETWORK DESIGN,3,D+,1.5,4.5,2.65,REPEAT
32363,CMPS1171,INTRODUCTION TO DATABASES,3,,,,2.65,
32385,MATH3251,CALCULUS III,3,AU,0,0,2.65,REPEAT
32407,CMPS3162,ADVANCED DATABASES,3,AU,0,0,2.65,
32429,CMPS3162,ADVANCED DATABASES,3,WF,0,0,2.43,REPEAT
32451,CMPS4992,PROFESSIONAL PRACTICE,12,C+,2.5,30,2.43,REPEAT
32473,CMPS3111,PROGRAMMING LANGUAGES,3,C,2,6,2.43,REPEAT
32495,CMPS3171,NETWORK DESIGN,3,C,2,6,3.01,REPEAT
32517,CMPS4191,ADVANCED WEB TECHNOLOGIES,3,WF,0,0,3.01,REPEAT
32539,SPAN1015,LEVEL 1 BEGINNERS SPANISH,3,P,0,0,3.01,
32561,PLAS0014,SPANISH PLACEMENT EXAM,0,C,0,0,2.43,REPEAT
32583,CMPS3141,HUMAN COMPUTER INTERFACE,3,W,0,0,3.01,REPEAT
32605,CHEM0016,DEVELOPMENTAL CHEMISTRY,0,P,0,0,2.43,
32627,BIOL1015,GENERAL BIOLOGY I,3,A-,3.75,11.25,2.43,
32649,ALHL2012,HUMAN ANATOMY AND PHYSIOLOGY I,3,B,3,9,2.43,
32671,BIOL3402,GENERAL MICROBIOLOGY,3,B,3,9,3.01,
32693,CHEM1032,ORGANIC AND BIOCHEMISTRY,3,C+,2.5,7.5,3.01,
32715,CHEM1015,GENERAL CHEMISTRY I,3,A,4,12,3.01,
32737,SPAN1025,LEVEL 2 LOWER-INTERMEDIATE SPANISH,3,P,,,3.01,
32759,MATH1014,INTERMEDIATE ALGEBRA,3,A-,3.75,11.25,2.43,
32781,CHEM1015L,GENERAL CHEMISTRY I LAB,1,A,4,4,3.01,
32803,BIOL0016,DEVELOPMENTAL BIOLOGY,0,P,0,0,3.01,
32825,BIOL1015L,GENERAL BIOLOGY I LAB,1,B,3,3,2.43,
32847,BIOL3402L,GENERAL MICROBIOLOGY LAB,1,B+,3.5,3.5,3.01,
32869,MGMT1014,FUNDAMENTALS OF MANAGEMENT,3,WF,0,0,2.43,REPEAT
32891,CMPS2212,GUI PROGRAMMING,3,F,0,0,2.43,
32913,CRTH1014,CRITICAL THINKING,3,C+,2.5,7.5,2.43,
32935,CMPS1211,HARDWARE FUNDAMENTALS,3,,,,3.01,
32957,CMPS4232,SYSTEMS ADMINISTRATION,3,C+,2.5,7.5,3.01,
32979,CMPS4131,SOFTWARE ENGINEERING,3,W,0,0,3.01,REPEAT
33001,CRTH1014,CRITICAL THINKING,3,,,,3.01,
33023,PSYC1014,INTRODUCTION TO PSYCHOLOGY,3,NR,0,0,3.01,
33045,CMPS1134,FUNDAMENTALS OF COMPUTING,3,W,0,0,3.26,
33067,PHIL1014,ETHICS,3,NR,0,0,3.26,
33089,ECON1014,INTRODUCTION TO ECONOMICS,3,C+,2.5,7.5,3.26,
33111,SPAN2015,LEVEL 3 INTERMEDIATE SPANISH,3,P,,,3.26,
33133,CMPS1232,PRINCIPLES OF PROGRAMMING II,3,D+,1.5,4.5,3.26,REPEAT
33155,CMPS2242,SYSTEMS PROGRAMMING & COMPUTER ORGANIZATION,3,B+,3.5,10.5,3.26,
33177,CMPS4131,SOFTWARE ENGINEERING,3,A,4,12,3.26,
33199,PLAS0014,SPANISH PLACEMENT EXAM,0,A-,,,3.26,
33221,CMPS2212,GUI PROGRAMMING,3,AU,0,0,3.26,REPEAT
33243,CMPS1192,NETWORKING FUNDAMENTALS,3,C+,2.5,7.5,3.26,
33265,PHYS1015,GENERAL PHYSICS I,3,AU,0,0,3.26,REPEAT
33287,MATH1201,TRIGONOMETRY,3,D+,1.5,4.5,3.26,REPEAT
33309,MATH1201,TRIGONOMETRY,3,D,1,3,3.26,REPEAT
33331,CMPS1134,FUNDAMENTALS OF COMPUTING,3,D,1,3,3.26,REPEAT
33353,CMPS4131,SOFTWARE ENGINEERING,3,AU,0,0,3.26,REPEAT
33375,MATH2201,CALCULUS II,3,C,2,6,3.26,REPEAT
33397,CMPS1211,HARDWARE FUNDAMENTALS,3,B+,3.5,10.5,3.26,
33419,PSYC1014,INTRODUCTION TO PSYCHOLOGY,3,D,1,3,3.26,
33441,CMPS1191,NETWORKING FUNDAMENTALS,3,B,3,9,3.26,
33463,CMPS4232,SYSTEMS ADMINISTRATION,3,B,3,9,3.26,
33485,CMPS2212,GUI PROGRAMMING,3,,,,3.19,
33507,SERV0001,UB SERVICE,0,,,,3.19,
33529,CMPS1131,PROGRAMMING I,3,,,,3.19,
33551,SPAN1025,LEVEL 2 LOWER-INTERMEDIATE SPANISH,3,,,,3.19,
33573,CMPS1131,PROGRAMMING I,3,WF,0,0,3.19,
33595,CMPS1171,INTRODUCTION TO DATABASES,3,A,4,12,3.19,
33617,CMPS2232,OBJECT ORIENTED SYSTEM DEVELOPMENT,3,,,,3.19,
33639,CMPS1192,NETWORKING FUNDAMENTALS,3,A,4,12,3.19,
33661,CMPS2232,OBJECT ORIENTED SYSTEM DEVELOPMENT,3,W,0,0,3.19,
33683,CMPS2992,PROJECT,3,,,,3.19,
33705,CMPS3162,ADVANCED DATABASES,3,D+,1.5,4.5,3.19,REPEAT
33727,CMPS1131,PROGRAMMING I,3,D+,1.5,4.5,3.19,REPEAT
33749,PSYC1014,INTRODUCTION TO PSYCHOLOGY,3,B,3,9,3.19,
33771,HIST1014,INTRODUCTION TO BELIZEAN HISTORY,3,D,1,3,3.19,REPEAT
33793,PSYC1014,INTRODUCTION TO PSYCHOLOGY,3,W,0,0,3.19,
33815,MATH2302,MATH MODELING,3,F,0,0,3.19,
33837,CMPS2131,DATA STRUCTURES,3,NG,,,3.19,REPEAT
33859,ENGL2105,COMMUNICATION SKILLS,3,F,0,0,3.19,REPEAT
33881,CMPS2131,DATA STRUCTURES,3,A,4,12,3.19,REPEAT
33903,CMPS3171,NETWORK DESIGN,3,D+,1.5,4.5,3.19,
33925,MGMT3015,ORGANIZATIONAL BEHAVIOR,3,F,0,0,3.19,REPEAT
33947,ENGL3155,TECHNICAL WRITING,3,,,,3.19,REPEAT
33969,MATH3151,LINEAR ALGEBRA,3,NG,0,0,3.19,REPEAT
33991,HIST1014,INTRODUCTION TO BELIZEAN HISTORY,3,F,0,0,3.19,
34013,CMPS2242,SYSTEMS PROGRAMMING & COMPUTER ORGANIZATION,3,D+,1.5,4.5,3.19,
34035,MATH3251,CALCULUS III,3,D,1,3,3.19,
34057,MATH3251,CALCULUS III,3,NG,0,0,3.19,REPEAT
34079,CMPS2131,DATA STRUCTURES,3,F,0,0,2.85,
34101,CMPS2242,SYSTEMS PROGRAMMING & COMPUTER ORGANIZATION,3,A-,3.75,11.25,2.85,
34123,CMPS3162,ADVANCED DATABASES,3,W,0,0,2.85,REPEAT
34145,CMPS4251,COMPUTER AND NETWORK SECURITY,3,W,0,0,2.85,
34167,CMPS3111,PROGRAMMING LANGUAGES,3,RE,0,0,2.85,
34189,CMPS3141,HUMAN COMPUTER INTERFACE,3,RE,0,0,2.85,
34211,MGMT2055,BUSINESS ETHICS,3,,,,2.85,
34233,CMPS1171,INTRODUCTION TO DATABASES,3,A-,3.75,11.25,2.85,
34255,CMPS2232,OBJECT ORIENTED SYSTEM DEVELOPMENT,3,A,4,12,2.85,
34277,CMPS2212,GUI PROGRAMMING,3,D,1,3,2.85,REPEAT
34299,PSYC1014,INTRODUCTION TO PSYCHOLOGY,3,AU,0,0,2.85,
34321,SOCL1014,INTRODUCTION TO SOCIOLOGY,3,F,0,0,2.85,REPEAT
34343,MGMT1014,FUNDAMENTALS OF MANAGEMENT,3,D,1,3,2.85,
34365,CMPS1171,INTRODUCTION TO DATABASES,3,F,0,0,2.85,REPEAT
34387,PSYC1014,INTRODUCTION TO PSYCHOLOGY,3,F,0,0,2.85,REPEAT
34409,CMPS1171,INTRODUCTION TO DATABASES,3,NG,,,2.85,
34431,CMPS3141,HUMAN COMPUTER INTERFACE,3,F,0,0,2.85,
34453,MGMT1014,FUNDAMENTALS OF MANAGEMENT,3,,,,2.85,
34475,CMPS1211,HARDWARE FUNDAMENTALS,3,D+,1.5,4.5,2.85,
34497,PHIL1014,ETHICS,3,NG,0,0,2.85,
34519,PLAS0014,SPANISH PLACEMENT EXAM,0,NG,0,0,2.85,
34541,CMPS3151,TELECOMMUNICATION,3,NG,0,0,2.85,
34563,MATH2201,CALCULUS II,3,NG,0,0,2.85,
34585,CMPS1134,FUNDAMENTALS OF COMPUTING,3,NG,0,0,2.85,
34607,CMPS2111,SYSTEMS ANALYSIS,3,NG,0,0,2.85,
34629,CMPS3171,NETWORK DESIGN,3,NG,0,0,2.85,
34651,CMPS2111,SYSTEMS ANALYSIS,3,D+,1.5,4.5,2.85,
34673,MATH1151,ALGEBRA,3,,,,2.85,
34695,MATH1014,INTERMEDIATE ALGEBRA,3,B+,3.5,10.5,2.85,
34717,CMPS1232,PRINCIPLES OF PROGRAMMING II,3,W,0,0,2.85,
34739,CMPS1211,HARDWARE FUNDAMENTALS,3,B,3,9,2.85,
34761,PHIL1014,ETHICS,3,W,0,0,2.85,
34783,MATH1302,CALCULUS I,3,,,,2.85,
34805,CRTH1014,CRITICAL THINKING,3,B,3,9,2.85,
34827,CMPS3171,NETWORK DESIGN,3,D,1,3,2.85,
34849,SOCL121,INTRODUCTION TO SOCIOLOGY,3,A-,3.75,11.25,2.85,
34871,CMPS157,SYSTEM ANALYSIS,3,W,0,0,3.94,
34893,CMPS145,INTRODUCTION TO COMPUTER SYSTEMS,3,F,0,0,3.94,
34915,GSTU101,STUDY SKILLS,1,W,0,0,3.94,
34937,MATH125,ADVANCED ALGEBRA,3,W,0,0,3.94,
34959,CMPS248,SOFTWARE IN SOCIETY,3,W,0,0,3.94,
34981,MATH124,TRIGONOMETRY,3,W,0,0,3.94,
35003,CMPS255,OBJECT ORIENTED SYSTEM DEV.,3,F,0,0,3.94,
35025,CMPS330,GEOGRAPHIC INFORMATOIN SYSTEMS,3,B,3,9,3.94,
35047,CMPS418,LINUX ADMINISTRATION,3,C,2,6,3.94,
35069,CMPS242,GUI PROGRAMMING,3,C,2,6,3.94,
35091,CMPS319,SYSTEMS ENGINEERING,3,RE,0,0,3.94,
35113,MATH210,DIFFERENTIAL CALCULUS,4,B+,3.5,14,3.94,
35135,STSK101,STUDY SKILLS,1,P,0,0,3.94,
35157,EDUC250,METHODS OF TEACHING,3,A-,3.75,11.25,3.94,
35179,CMPS255,OBJECT ORIENTED SYSTEM DEV.,4,A,4,16,3.94,
35201,PHYS1015L,GENERAL PHYSICS I LAB,1,W,0,0,3.94,
35223,CMPS1124,AN INTRODUCTION TO PROGRAMMING USING PYTHON,3,WF,0,0,3.94,
35245,PHYS1015,GENERAL PHYSICS I,3,W,0,0,3.55,
35267,CMPS4111,DATABASE MANAGEMENT SYSTEMS II,3,W,0,0,3.55,
35289,MGMT2055,BUSINESS ETHICS,3,B+,3.5,10.5,3.55,